一,10
七,10
三,10
上,10
下,10
中,10
九,10
二,10
五,10
人,10
休,10
先,10
入,10
八,10
六,10
円,10
出,10
力,10
十,10
千,10
口,10
右,10
名,10
四,10
土,10
夕,10
大,10
天,10
女,10
子,10
字,10
学,10
小,10
山,10
川,10
左,10
年,10
手,10
文,10
日,10
早,10
月,10
木,10
本,10
村,10
林,10
校,10
森,10
正,10
気,10
水,10
火,10
犬,10
玉,10
王,10
生,10
田,10
男,10
町,10
白,10
百,10
目,10
石,10
空,10
立,10
竹,10
糸,10
耳,10
花,10
草,10
虫,10
見,10
貝,10
赤,10
足,10
車,10
金,10
雨,10
青,10
音,10
万,9
丸,9
交,9
京,9
今,9
会,9
体,9
何,9
作,9
元,9
兄,9
光,9
公,9
内,9
冬,9
刀,9
分,9
切,9
前,9
北,9
午,9
半,9
南,9
原,9
友,9
古,9
台,9
合,9
同,9
回,9
図,9
国,9
園,9
地,9
場,9
声,9
売,9
夏,9
外,9
多,9
夜,9
太,9
妹,9
姉,9
室,9
家,9
寺,9
少,9
岩,9
工,9
市,9
帰,9
広,9
店,9
弓,9
引,9
弟,9
弱,9
強,9
当,9
形,9
後,9
心,9
思,9
戸,9
才,9
教,9
数,9
新,9
方,9
明,9
星,9
春,9
昼,9
時,9
晴,9
曜,9
書,9
朝,9
来,9
東,9
楽,9
歌,9
止,9
歩,9
母,9
毎,9
毛,9
池,9
汽,9
活,9
海,9
点,9
父,9
牛,9
理,9
用,9
画,9
番,9
直,9
矢,9
知,9
社,9
秋,9
科,9
答,9
算,9
米,9
紙,9
細,9
組,9
絵,9
線,9
羽,9
考,9
聞,9
肉,9
自,9
船,9
色,9
茶,9
行,9
西,9
親,9
角,9
言,9
計,9
記,9
話,9
語,9
読,9
谷,9
買,9
走,9
近,9
通,9
週,9
道,9
遠,9
里,9
野,9
長,9
門,9
間,9
雪,9
雲,9
電,9
頭,9
顔,9
風,9
食,9
首,9
馬,9
高,9
魚,9
鳥,9
鳴,9
麦,9
黄,9
黒,9
丁,8
世,8
両,8
主,8
乗,8
予,8
事,8
仕,8
他,8
代,8
住,8
使,8
係,8
倍,8
全,8
具,8
写,8
列,8
助,8
勉,8
動,8
勝,8
化,8
区,8
医,8
去,8
反,8
取,8
受,8
号,8
向,8
君,8
味,8
命,8
和,8
品,8
員,8
商,8
問,8
坂,8
央,8
始,8
委,8
守,8
安,8
定,8
実,8
客,8
宮,8
宿,8
寒,8
対,8
局,8
屋,8
岸,8
島,8
州,8
帳,8
平,8
幸,8
度,8
庫,8
庭,8
式,8
役,8
待,8
急,8
息,8
悪,8
悲,8
想,8
意,8
感,8
所,8
打,8
投,8
拾,8
持,8
指,8
放,8
整,8
旅,8
族,8
昔,8
昭,8
暑,8
暗,8
曲,8
有,8
服,8
期,8
板,8
柱,8
根,8
植,8
業,8
様,8
横,8
橋,8
次,8
歯,8
死,8
氷,8
決,8
油,8
波,8
注,8
泳,8
洋,8
流,8
消,8
深,8
温,8
港,8
湖,8
湯,8
漢,8
炭,8
物,8
球,8
由,8
申,8
界,8
畑,8
病,8
発,8
登,8
皮,8
皿,8
相,8
県,8
真,8
着,8
短,8
研,8
礼,8
神,8
祭,8
福,8
秒,8
究,8
章,8
童,8
笛,8
第,8
筆,8
等,8
箱,8
級,8
終,8
緑,8
練,8
羊,8
美,8
習,8
者,8
育,8
苦,8
荷,8
落,8
葉,8
薬,8
血,8
表,8
詩,8
調,8
談,8
豆,8
負,8
起,8
路,8
身,8
転,8
軽,8
農,8
返,8
追,8
送,8
速,8
進,8
遊,8
運,8
部,8
都,8
配,8
酒,8
重,8
鉄,8
銀,8
開,8
院,8
陽,8
階,8
集,8
面,8
題,8
飲,8
館,8
駅,8
鼻,8
不,7
争,7
井,7
付,7
令,7
以,7
仲,7
伝,7
位,7
低,7
佐,7
例,7
便,7
信,7
倉,7
候,7
借,7
健,7
側,7
働,7
億,7
兆,7
児,7
共,7
兵,7
典,7
冷,7
初,7
別,7
利,7
刷,7
副,7
功,7
加,7
努,7
労,7
勇,7
包,7
卒,7
協,7
単,7
博,7
印,7
参,7
司,7
各,7
周,7
唱,7
器,7
固,7
城,7
埼,7
塩,7
変,7
夫,7
失,7
奈,7
好,7
媛,7
季,7
孫,7
完,7
官,7
害,7
富,7
察,7
岐,7
岡,7
崎,7
巣,7
差,7
希,7
席,7
帯,7
底,7
府,7
康,7
建,7
径,7
徒,7
徳,7
必,7
念,7
愛,7
成,7
戦,7
折,7
挙,7
改,7
敗,7
散,7
料,7
旗,7
昨,7
景,7
最,7
望,7
未,7
末,7
札,7
材,7
束,7
松,7
果,7
栃,7
栄,7
案,7
梅,7
梨,7
械,7
極,7
標,7
機,7
欠,7
残,7
氏,7
民,7
求,7
沖,7
治,7
法,7
泣,7
浅,7
浴,7
清,7
満,7
滋,7
漁,7
潟,7
灯,7
無,7
然,7
焼,7
照,7
熊,7
熱,7
牧,7
特,7
産,7
的,7
省,7
祝,7
票,7
種,7
積,7
競,7
笑,7
管,7
節,7
約,7
結,7
給,7
続,7
縄,7
置,7
群,7
老,7
臣,7
良,7
芸,7
芽,7
英,7
茨,7
菜,7
街,7
衣,7
要,7
覚,7
観,7
訓,7
試,7
説,7
課,7
議,7
貨,7
賀,7
軍,7
輪,7
辞,7
辺,7
連,7
達,7
選,7
郡,7
量,7
録,7
鏡,7
関,7
阜,7
阪,7
陸,7
隊,7
静,7
順,7
願,7
類,7
飛,7
飯,7
養,7
香,7
験,7
鹿,7
久,6
仏,6
仮,6
件,6
任,6
似,6
余,6
価,6
保,6
修,6
個,6
停,6
備,6
像,6
再,6
刊,6
判,6
制,6
則,6
効,6
務,6
勢,6
厚,6
句,6
可,6
史,6
告,6
喜,6
営,6
因,6
団,6
囲,6
圧,6
在,6
均,6
型,6
基,6
堂,6
報,6
境,6
墓,6
増,6
士,6
夢,6
妻,6
婦,6
容,6
寄,6
導,6
居,6
属,6
布,6
師,6
常,6
幹,6
序,6
弁,6
張,6
往,6
得,6
復,6
志,6
応,6
快,6
性,6
情,6
態,6
慣,6
技,6
招,6
授,6
採,6
接,6
提,6
損,6
支,6
政,6
故,6
救,6
断,6
旧,6
易,6
暴,6
条,6
枝,6
査,6
格,6
桜,6
検,6
構,6
武,6
歴,6
殺,6
毒,6
比,6
永,6
河,6
液,6
混,6
減,6
測,6
準,6
演,6
潔,6
災,6
燃,6
版,6
犯,6
状,6
独,6
率,6
現,6
留,6
略,6
益,6
眼,6
破,6
確,6
示,6
祖,6
禁,6
移,6
程,6
税,6
築,6
粉,6
精,6
紀,6
素,6
経,6
統,6
絶,6
綿,6
総,6
編,6
績,6
織,6
罪,6
義,6
耕,6
職,6
肥,6
能,6
脈,6
興,6
舎,6
航,6
術,6
衛,6
製,6
複,6
規,6
解,6
設,6
許,6
証,6
評,6
講,6
謝,6
識,6
護,6
豊,6
象,6
財,6
貧,6
責,6
貯,6
貸,6
費,6
貿,6
資,6
賛,6
賞,6
質,6
輸,6
述,6
迷,6
逆,6
造,6
過,6
適,6
酸,6
鉱,6
銅,6
防,6
限,6
険,6
際,6
雑,6
非,6
領,6
額,6
飼,6
並,5
乱,5
乳,5
亡,5
仁,5
供,5
俳,5
俵,5
値,5
傷,5
優,5
党,5
冊,5
処,5
券,5
刻,5
割,5
創,5
劇,5
勤,5
危,5
卵,5
厳,5
収,5
后,5
否,5
吸,5
呼,5
善,5
困,5
垂,5
域,5
奏,5
奮,5
姿,5
存,5
孝,5
宅,5
宇,5
宗,5
宙,5
宝,5
宣,5
密,5
寸,5
専,5
射,5
将,5
尊,5
就,5
尺,5
届,5
展,5
層,5
己,5
巻,5
幕,5
干,5
幼,5
庁,5
座,5
延,5
律,5
従,5
忘,5
忠,5
恩,5
憲,5
我,5
批,5
承,5
担,5
拝,5
拡,5
捨,5
探,5
推,5
揮,5
操,5
敬,5
敵,5
映,5
晩,5
暖,5
暮,5
朗,5
机,5
枚,5
染,5
株,5
棒,5
模,5
権,5
樹,5
欲,5
段,5
沿,5
泉,5
洗,5
派,5
済,5
源,5
潮,5
激,5
灰,5
熟,5
片,5
班,5
異,5
疑,5
痛,5
皇,5
盛,5
盟,5
看,5
砂,5
磁,5
私,5
秘,5
穀,5
穴,5
窓,5
筋,5
策,5
簡,5
糖,5
系,5
紅,5
納,5
純,5
絹,5
縦,5
縮,5
署,5
翌,5
聖,5
肺,5
胃,5
背,5
胸,5
脳,5
腸,5
腹,5
臓,5
臨,5
至,5
舌,5
若,5
著,5
蒸,5
蔵,5
蚕,5
衆,5
裁,5
装,5
裏,5
補,5
視,5
覧,5
討,5
訪,5
訳,5
詞,5
誌,5
認,5
誕,5
誠,5
誤,5
論,5
諸,5
警,5
貴,5
賃,5
退,5
遺,5
郵,5
郷,5
針,5
銭,5
鋼,5
閉,5
閣,5
降,5
陛,5
除,5
障,5
難,5
革,5
頂,5
預,5
骨,5
丈,4
与,4
丘,4
丹,4
乾,4
互,4
介,4
仰,4
伺,4
依,4
侵,4
俗,4
倒,4
偉,4
傍,4
傾,4
僧,4
儀,4
兼,4
冒,4
凡,4
凶,4
刈,4
到,4
刺,4
剣,4
剤,4
劣,4
勧,4
匹,4
占,4
即,4
却,4
及,4
叫,4
召,4
吐,4
含,4
吹,4
咲,4
唐,4
嘆,4
噴,4
圏,4
坊,4
執,4
堅,4
堤,4
塔,4
壁,4
壊,4
壱,4
奇,4
奥,4
奴,4
妙,4
姓,4
威,4
娘,4
婚,4
寂,4
寝,4
尋,4
尽,4
尾,4
屈,4
峠,4
峰,4
巡,4
巨,4
帽,4
幅,4
幾,4
床,4
弐,4
弾,4
彩,4
影,4
彼,4
征,4
御,4
微,4
徴,4
忙,4
怒,4
怖,4
恋,4
恐,4
恒,4
恥,4
恵,4
悩,4
惑,4
惨,4
慎,4
慢,4
慮,4
憶,4
戒,4
戯,4
扇,4
払,4
扱,4
抗,4
抜,4
抱,4
抵,4
押,4
拍,4
拓,4
拠,4
振,4
捕,4
掘,4
描,4
握,4
援,4
搬,4
摘,4
撃,4
攻,4
敏,4
敷,4
斜,4
旨,4
旬,4
是,4
普,4
暇,4
暦,4
曇,4
更,4
替,4
朱,4
朽,4
杯,4
枯,4
柄,4
柔,4
桃,4
欄,4
歓,4
歳,4
殖,4
殿,4
汗,4
汚,4
沈,4
沢,4
沼,4
況,4
泊,4
浜,4
浮,4
浸,4
涙,4
淡,4
添,4
渡,4
溶,4
滴,4
漫,4
澄,4
濁,4
濃,4
為,4
烈,4
煙,4
煮,4
燥,4
爆,4
狂,4
狩,4
狭,4
猛,4
獣,4
獲,4
玄,4
珍,4
環,4
甘,4
畳,4
疲,4
療,4
皆,4
盆,4
盗,4
監,4
盤,4
盾,4
眠,4
瞬,4
矛,4
砲,4
祈,4
秀,4
称,4
稲,4
稿,4
突,4
端,4
箇,4
範,4
粒,4
紋,4
紫,4
紹,4
絡,4
継,4
維,4
網,4
緯,4
縁,4
繁,4
繰,4
罰,4
翼,4
耐,4
肩,4
肪,4
胴,4
脂,4
脚,4
脱,4
腐,4
腕,4
腰,4
膚,4
致,4
舗,4
舞,4
舟,4
般,4
芋,4
芝,4
茂,4
荒,4
菓,4
蓄,4
薄,4
薪,4
被,4
襲,4
触,4
訴,4
詰,4
詳,4
誇,4
誉,4
謡,4
豪,4
販,4
賦,4
贈,4
越,4
趣,4
距,4
跡,4
跳,4
踊,4
踏,4
躍,4
軒,4
較,4
載,4
輝,4
輩,4
込,4
迎,4
迫,4
逃,4
透,4
途,4
遅,4
違,4
遣,4
避,4
郎,4
釈,4
鈍,4
鉛,4
鋭,4
鎖,4
鑑,4
闘,4
陣,4
陰,4
隠,4
隣,4
隷,4
雄,4
雅,4
雌,4
離,4
雷,4
需,4
震,4
霧,4
露,4
響,4
項,4
頼,4
飾,4
駆,4
騒,4
驚,4
髪,4
鬼,4
鮮,4
麗,4
黙,4
鼓,4
齢,4
乏,3
乙,3
了,3
企,3
伏,3
伐,3
伴,3
伸,3
佳,3
侍,3
促,3
倣,3
倹,3
偶,3
催,3
債,3
克,3
免,3
冗,3
冠,3
凍,3
凝,3
刑,3
削,3
励,3
勘,3
募,3
匠,3
匿,3
卑,3
卓,3
卸,3
厘,3
又,3
双,3
吉,3
吏,3
哀,3
哲,3
啓,3
喚,3
喫,3
嘱,3
坑,3
埋,3
塊,3
塗,3
墜,3
墨,3
墳,3
墾,3
壇,3
奉,3
契,3
奪,3
如,3
妨,3
姫,3
娯,3
婆,3
婿,3
嫁,3
嬢,3
孔,3
孤,3
宴,3
審,3
寿,3
封,3
尿,3
岳,3
峡,3
崩,3
巧,3
帆,3
帝,3
幻,3
幽,3
廉,3
廊,3
弧,3
彫,3
徐,3
忌,3
怠,3
怪,3
恨,3
悔,3
悟,3
悦,3
惜,3
愚,3
慈,3
慌,3
慕,3
慨,3
慰,3
憂,3
憎,3
憩,3
房,3
抑,3
択,3
抽,3
拘,3
掃,3
掌,3
排,3
掛,3
控,3
措,3
掲,3
揚,3
換,3
揺,3
携,3
搾,3
摂,3
撮,3
擁,3
擦,3
敢,3
斗,3
斤,3
斥,3
施,3
既,3
昇,3
晶,3
暫,3
架,3
某,3
桑,3
棄,3
棋,3
楼,3
概,3
欧,3
欺,3
殊,3
殴,3
没,3
泌,3
浪,3
湾,3
湿,3
滅,3
滑,3
滝,3
滞,3
漂,3
漏,3
潜,3
潤,3
濫,3
瀬,3
炉,3
炊,3
炎,3
焦,3
牲,3
犠,3
猟,3
獄,3
甲,3
畔,3
畜,3
疾,3
痘,3
癖,3
硬,3
碑,3
礎,3
祉,3
稚,3
穂,3
穏,3
穫,3
窒,3
符,3
篤,3
簿,3
籍,3
粋,3
粗,3
粘,3
糧,3
紛,3
紺,3
絞,3
綱,3
緊,3
締,3
緩,3
縛,3
縫,3
繕,3
翻,3
聴,3
肝,3
胆,3
胎,3
胞,3
脅,3
膜,3
膨,3
芳,3
苗,3
菊,3
華,3
葬,3
藩,3
虐,3
虚,3
蛮,3
衝,3
衰,3
袋,3
裂,3
裸,3
覆,3
訂,3
託,3
詠,3
該,3
誘,3
請,3
諮,3
諾,3
謀,3
譲,3
豚,3
貫,3
賊,3
賢,3
赦,3
赴,3
超,3
軌,3
軸,3
辛,3
辱,3
逮,3
遂,3
遇,3
遭,3
遵,3
邦,3
邪,3
郊,3
郭,3
酔,3
酵,3
鋳,3
錠,3
錬,3
錯,3
鍛,3
鎮,3
鐘,3
閲,3
阻,3
陪,3
陳,3
陵,3
陶,3
隆,3
随,3
隔,3
隻,3
雇,3
零,3
霊,3
顧,3
飽,3
餓,3
駐,3
騎,3
髄,3
魂,3
魅,3
魔,3
鯨,3
鶏,3
且,pre_2
丙,pre_2
亜,pre_2
享,pre_2
亭,pre_2
仙,pre_2
伯,pre_2
但,pre_2
併,pre_2
侮,pre_2
侯,pre_2
俊,pre_2
俸,pre_2
倫,pre_2
偏,pre_2
偵,pre_2
偽,pre_2
傑,pre_2
傘,pre_2
僕,pre_2
僚,pre_2
儒,pre_2
償,pre_2
充,pre_2
准,pre_2
凸,pre_2
凹,pre_2
刃,pre_2
剖,pre_2
剛,pre_2
剰,pre_2
劾,pre_2
勅,pre_2
勲,pre_2
升,pre_2
厄,pre_2
叔,pre_2
叙,pre_2
吟,pre_2
呈,pre_2
呉,pre_2
唆,pre_2
唇,pre_2
唯,pre_2
喝,pre_2
喪,pre_2
嗣,pre_2
嚇,pre_2
囚,pre_2
坪,pre_2
垣,pre_2
培,pre_2
堀,pre_2
堕,pre_2
堪,pre_2
塀,pre_2
塁,pre_2
塑,pre_2
塚,pre_2
塾,pre_2
壌,pre_2
壮,pre_2
奔,pre_2
奨,pre_2
妃,pre_2
妄,pre_2
妊,pre_2
妥,pre_2
姻,pre_2
娠,pre_2
媒,pre_2
嫌,pre_2
嫡,pre_2
宜,pre_2
宰,pre_2
宵,pre_2
寛,pre_2
寡,pre_2
寧,pre_2
寮,pre_2
尉,pre_2
尚,pre_2
尼,pre_2
履,pre_2
屯,pre_2
岬,pre_2
崇,pre_2
帥,pre_2
幣,pre_2
庶,pre_2
庸,pre_2
廃,pre_2
廷,pre_2
弊,pre_2
弔,pre_2
弦,pre_2
彰,pre_2
循,pre_2
徹,pre_2
忍,pre_2
恭,pre_2
悠,pre_2
患,pre_2
悼,pre_2
惰,pre_2
愁,pre_2
愉,pre_2
慶,pre_2
憤,pre_2
憾,pre_2
懇,pre_2
懐,pre_2
懲,pre_2
懸,pre_2
戻,pre_2
扉,pre_2
扶,pre_2
抄,pre_2
把,pre_2
披,pre_2
抹,pre_2
拐,pre_2
拒,pre_2
拙,pre_2
括,pre_2
拷,pre_2
挑,pre_2
挟,pre_2
挿,pre_2
捜,pre_2
据,pre_2
搭,pre_2
摩,pre_2
撤,pre_2
撲,pre_2
擬,pre_2
斉,pre_2
斎,pre_2
旋,pre_2
昆,pre_2
暁,pre_2
曹,pre_2
朕,pre_2
朴,pre_2
杉,pre_2
析,pre_2
枠,pre_2
枢,pre_2
柳,pre_2
栓,pre_2
核,pre_2
栽,pre_2
桟,pre_2
棚,pre_2
棟,pre_2
棺,pre_2
槽,pre_2
款,pre_2
殉,pre_2
殻,pre_2
汁,pre_2
江,pre_2
沸,pre_2
泡,pre_2
泥,pre_2
泰,pre_2
洞,pre_2
津,pre_2
洪,pre_2
浄,pre_2
浦,pre_2
涯,pre_2
涼,pre_2
淑,pre_2
渇,pre_2
渉,pre_2
渋,pre_2
渓,pre_2
渦,pre_2
溝,pre_2
漆,pre_2
漠,pre_2
漬,pre_2
漸,pre_2
濯,pre_2
煩,pre_2
爵,pre_2
猫,pre_2
献,pre_2
猶,pre_2
猿,pre_2
珠,pre_2
琴,pre_2
璽,pre_2
瓶,pre_2
甚,pre_2
畝,pre_2
疎,pre_2
疫,pre_2
症,pre_2
痢,pre_2
痴,pre_2
癒,pre_2
盲,pre_2
眺,pre_2
睡,pre_2
督,pre_2
矯,pre_2
砕,pre_2
硝,pre_2
硫,pre_2
碁,pre_2
磨,pre_2
礁,pre_2
祥,pre_2
禅,pre_2
禍,pre_2
租,pre_2
秩,pre_2
稼,pre_2
窃,pre_2
窮,pre_2
窯,pre_2
竜,pre_2
筒,pre_2
粛,pre_2
粧,pre_2
糾,pre_2
紡,pre_2
索,pre_2
累,pre_2
紳,pre_2
緒,pre_2
繊,pre_2
繭,pre_2
缶,pre_2
罷,pre_2
羅,pre_2
翁,pre_2
耗,pre_2
肌,pre_2
肖,pre_2
肢,pre_2
肯,pre_2
臭,pre_2
舶,pre_2
艇,pre_2
艦,pre_2
茎,pre_2
荘,pre_2
菌,pre_2
薦,pre_2
薫,pre_2
藻,pre_2
虜,pre_2
虞,pre_2
蚊,pre_2
蛇,pre_2
蛍,pre_2
融,pre_2
衡,pre_2
衷,pre_2
裕,pre_2
褐,pre_2
褒,pre_2
襟,pre_2
覇,pre_2
訟,pre_2
診,pre_2
詐,pre_2
詔,pre_2
誓,pre_2
諭,pre_2
謁,pre_2
謄,pre_2
謙,pre_2
謹,pre_2
譜,pre_2
貞,pre_2
貢,pre_2
賄,pre_2
賓,pre_2
賜,pre_2
賠,pre_2
購,pre_2
践,pre_2
軟,pre_2
轄,pre_2
迅,pre_2
迭,pre_2
逐,pre_2
逓,pre_2
逝,pre_2
逸,pre_2
遍,pre_2
遮,pre_2
遷,pre_2
還,pre_2
邸,pre_2
酌,pre_2
酢,pre_2
酪,pre_2
酬,pre_2
酷,pre_2
醜,pre_2
醸,pre_2
釣,pre_2
鈴,pre_2
鉢,pre_2
銃,pre_2
銘,pre_2
閑,pre_2
閥,pre_2
附,pre_2
陥,pre_2
隅,pre_2
雰,pre_2
霜,pre_2
靴,pre_2
韻,pre_2
頑,pre_2
頒,pre_2
頻,pre_2
顕,pre_2
飢,pre_2
駄,pre_2
騰,pre_2
麻,pre_2
串,2
丼,2
乞,2
亀,2
伎,2
侶,2
俺,2
傲,2
僅,2
冥,2
冶,2
凄,2
刹,2
剥,2
勃,2
勾,2
匂,2
叱,2
呂,2
呪,2
咽,2
哺,2
唄,2
唾,2
喉,2
喩,2
嗅,2
嘲,2
堆,2
塞,2
填,2
妖,2
妬,2
嫉,2
宛,2
尻,2
崖,2
嵐,2
巾,2
弄,2
弥,2
彙,2
怨,2
恣,2
惧,2
慄,2
憧,2
憬,2
戚,2
戴,2
拉,2
拭,2
拳,2
拶,2
挨,2
挫,2
捉,2
捗,2
捻,2
摯,2
斑,2
斬,2
旦,2
旺,2
昧,2
曖,2
曽,2
枕,2
柵,2
柿,2
桁,2
梗,2
椅,2
椎,2
楷,2
毀,2
氾,2
汎,2
汰,2
沃,2
沙,2
淫,2
湧,2
溺,2
潰,2
煎,2
爪,2
爽,2
牙,2
狙,2
玩,2
瑠,2
璃,2
璧,2
瓦,2
畏,2
畿,2
痕,2
痩,2
瘍,2
眉,2
睦,2
瞭,2
瞳,2
稽,2
窟,2
箋,2
箸,2
籠,2
綻,2
緻,2
罵,2
羞,2
羨,2
肘,2
股,2
脇,2
脊,2
腎,2
腫,2
腺,2
膝,2
膳,2
臆,2
臼,2
舷,2
艶,2
芯,2
苛,2
萎,2
葛,2
蓋,2
蔑,2
蔽,2
藍,2
藤,2
虎,2
虹,2
蜂,2
蜜,2
袖,2
裾,2
訃,2
詣,2
詮,2
誰,2
諦,2
諧,2
謎,2
貌,2
貪,2
貼,2
賂,2
賭,2
踪,2
蹴,2
辣,2
遜,2
遡,2
那,2
酎,2
醒,2
采,2
釜,2
錦,2
錮,2
鍋,2
鍵,2
鎌,2
闇,2
隙,2
韓,2
頃,2
須,2
頓,2
頬,2
顎,2
餅,2
餌,2
駒,2
骸,2
鬱,2
鶴,2
麓,2
麺,2
丑,pre_1
丞,pre_1
乃,pre_1
之,pre_1
乍,pre_1
乎,pre_1
也,pre_1
云,pre_1
亘,pre_1
亙,pre_1
些,pre_1
亥,pre_1
亦,pre_1
亨,pre_1
亮,pre_1
什,pre_1
仇,pre_1
仔,pre_1
伊,pre_1
伍,pre_1
伶,pre_1
伽,pre_1
佃,pre_1
佑,pre_1
佼,pre_1
侃,pre_1
侠,pre_1
俄,pre_1
俣,pre_1
倖,pre_1
倦,pre_1
倭,pre_1
倶,pre_1
偲,pre_1
傭,pre_1
僑,pre_1
僻,pre_1
儘,pre_1
儲,pre_1
允,pre_1
兇,pre_1
兔,pre_1
兜,pre_1
其,pre_1
冴,pre_1
凋,pre_1
凌,pre_1
凧,pre_1
凪,pre_1
凰,pre_1
凱,pre_1
函,pre_1
剃,pre_1
劃,pre_1
劉,pre_1
劫,pre_1
勿,pre_1
匙,pre_1
匝,pre_1
匡,pre_1
匪,pre_1
卜,pre_1
卦,pre_1
卯,pre_1
卿,pre_1
厭,pre_1
叉,pre_1
叛,pre_1
叡,pre_1
叢,pre_1
叩,pre_1
只,pre_1
叶,pre_1
吃,pre_1
吊,pre_1
吋,pre_1
吠,pre_1
吻,pre_1
吾,pre_1
呆,pre_1
呑,pre_1
咳,pre_1
哉,pre_1
哨,pre_1
哩,pre_1
唖,pre_1
啄,pre_1
喋,pre_1
喧,pre_1
喬,pre_1
喰,pre_1
嘉,pre_1
嘗,pre_1
嘘,pre_1
嘩,pre_1
噂,pre_1
噌,pre_1
噛,pre_1
噸,pre_1
噺,pre_1
嚢,pre_1
圃,pre_1
圭,pre_1
坐,pre_1
坤,pre_1
坦,pre_1
垢,pre_1
埜,pre_1
埠,pre_1
埴,pre_1
堰,pre_1
堵,pre_1
堺,pre_1
塘,pre_1
塙,pre_1
塵,pre_1
壕,pre_1
壬,pre_1
壺,pre_1
夙,pre_1
夷,pre_1
奄,pre_1
套,pre_1
妓,pre_1
妾,pre_1
姐,pre_1
姑,pre_1
姥,pre_1
姦,pre_1
姪,pre_1
姶,pre_1
娃,pre_1
娩,pre_1
娼,pre_1
婁,pre_1
嬉,pre_1
嬬,pre_1
嬰,pre_1
孜,pre_1
孟,pre_1
宋,pre_1
宍,pre_1
宏,pre_1
宕,pre_1
宥,pre_1
寅,pre_1
寓,pre_1
寵,pre_1
尖,pre_1
尤,pre_1
尭,pre_1
屍,pre_1
屑,pre_1
屡,pre_1
岨,pre_1
岱,pre_1
峨,pre_1
峯,pre_1
峻,pre_1
嵩,pre_1
嵯,pre_1
嶋,pre_1
嶺,pre_1
巌,pre_1
巳,pre_1
巴,pre_1
巷,pre_1
巽,pre_1
帖,pre_1
幌,pre_1
幡,pre_1
庄,pre_1
庇,pre_1
庖,pre_1
庚,pre_1
庵,pre_1
廏,pre_1
廓,pre_1
廚,pre_1
廟,pre_1
廠,pre_1
廻,pre_1
廿,pre_1
弗,pre_1
弘,pre_1
弛,pre_1
弼,pre_1
彊,pre_1
彦,pre_1
彪,pre_1
彬,pre_1
徽,pre_1
忽,pre_1
怜,pre_1
怯,pre_1
恕,pre_1
恢,pre_1
恰,pre_1
悉,pre_1
悌,pre_1
悶,pre_1
惇,pre_1
惚,pre_1
惟,pre_1
惣,pre_1
惹,pre_1
愈,pre_1
慧,pre_1
慾,pre_1
憐,pre_1
戊,pre_1
戎,pre_1
或,pre_1
戟,pre_1
托,pre_1
扮,pre_1
按,pre_1
挺,pre_1
挽,pre_1
捌,pre_1
捧,pre_1
捲,pre_1
捷,pre_1
捺,pre_1
掠,pre_1
掩,pre_1
掬,pre_1
掴,pre_1
掻,pre_1
揃,pre_1
揖,pre_1
摸,pre_1
摺,pre_1
撒,pre_1
撚,pre_1
撞,pre_1
撫,pre_1
播,pre_1
撰,pre_1
擢,pre_1
擾,pre_1
攪,pre_1
敦,pre_1
斌,pre_1
斐,pre_1
斡,pre_1
斧,pre_1
斯,pre_1
於,pre_1
旭,pre_1
昂,pre_1
昌,pre_1
昏,pre_1
晃,pre_1
晋,pre_1
晒,pre_1
晦,pre_1
智,pre_1
暢,pre_1
曙,pre_1
曝,pre_1
曳,pre_1
朋,pre_1
朔,pre_1
李,pre_1
杏,pre_1
杓,pre_1
杖,pre_1
杜,pre_1
杢,pre_1
杭,pre_1
杵,pre_1
杷,pre_1
枇,pre_1
柁,pre_1
柊,pre_1
柏,pre_1
柑,pre_1
柘,pre_1
柚,pre_1
柴,pre_1
柾,pre_1
栂,pre_1
栖,pre_1
栗,pre_1
栴,pre_1
桂,pre_1
桐,pre_1
桓,pre_1
桔,pre_1
桝,pre_1
桶,pre_1
梁,pre_1
梓,pre_1
梢,pre_1
梧,pre_1
梯,pre_1
梱,pre_1
梶,pre_1
棉,pre_1
棲,pre_1
椀,pre_1
椋,pre_1
椙,pre_1
椛,pre_1
椴,pre_1
椿,pre_1
楊,pre_1
楓,pre_1
楚,pre_1
楠,pre_1
楢,pre_1
楯,pre_1
楳,pre_1
榊,pre_1
榎,pre_1
榛,pre_1
槌,pre_1
槍,pre_1
槙,pre_1
槻,pre_1
樋,pre_1
樗,pre_1
樟,pre_1
樫,pre_1
樵,pre_1
樺,pre_1
樽,pre_1
橘,pre_1
橡,pre_1
橢,pre_1
橿,pre_1
檀,pre_1
檎,pre_1
檜,pre_1
檮,pre_1
櫓,pre_1
櫛,pre_1
欣,pre_1
欽,pre_1
歎,pre_1
此,pre_1
歪,pre_1
殆,pre_1
毅,pre_1
毘,pre_1
汀,pre_1
汐,pre_1
汝,pre_1
汲,pre_1
沌,pre_1
沓,pre_1
沫,pre_1
洛,pre_1
洩,pre_1
洲,pre_1
浩,pre_1
浬,pre_1
涌,pre_1
涜,pre_1
淀,pre_1
淋,pre_1
淘,pre_1
淳,pre_1
淵,pre_1
渚,pre_1
渠,pre_1
渥,pre_1
湊,pre_1
湘,pre_1
湛,pre_1
溌,pre_1
溜,pre_1
溢,pre_1
溯,pre_1
漉,pre_1
漑,pre_1
漕,pre_1
漣,pre_1
澗,pre_1
澱,pre_1
濠,pre_1
濡,pre_1
濤,pre_1
瀕,pre_1
瀞,pre_1
瀦,pre_1
瀧,pre_1
灌,pre_1
灘,pre_1
灸,pre_1
灼,pre_1
烏,pre_1
烹,pre_1
焔,pre_1
焚,pre_1
煉,pre_1
煤,pre_1
煽,pre_1
燈,pre_1
燐,pre_1
燕,pre_1
燦,pre_1
燭,pre_1
爺,pre_1
爾,pre_1
牌,pre_1
牒,pre_1
牝,pre_1
牟,pre_1
牡,pre_1
牢,pre_1
牽,pre_1
犀,pre_1
狐,pre_1
狗,pre_1
狛,pre_1
狸,pre_1
狼,pre_1
狽,pre_1
猪,pre_1
猷,pre_1
獅,pre_1
玖,pre_1
玲,pre_1
珂,pre_1
珊,pre_1
珪,pre_1
琉,pre_1
琢,pre_1
琳,pre_1
琵,pre_1
琶,pre_1
瑚,pre_1
瑛,pre_1
瑞,pre_1
瑳,pre_1
瓜,pre_1
瓢,pre_1
甑,pre_1
甜,pre_1
甥,pre_1
甫,pre_1
畠,pre_1
畢,pre_1
畦,pre_1
畷,pre_1
疋,pre_1
疏,pre_1
疹,pre_1
痔,pre_1
癌,pre_1
皐,pre_1
盃,pre_1
盈,pre_1
瞥,pre_1
矧,pre_1
矩,pre_1
砥,pre_1
砦,pre_1
砧,pre_1
硯,pre_1
硲,pre_1
碇,pre_1
碍,pre_1
碓,pre_1
碧,pre_1
碩,pre_1
磐,pre_1
磯,pre_1
礦,pre_1
礪,pre_1
祁,pre_1
祇,pre_1
祐,pre_1
祷,pre_1
禄,pre_1
禎,pre_1
禦,pre_1
禰,pre_1
禽,pre_1
禾,pre_1
禿,pre_1
秤,pre_1
秦,pre_1
稀,pre_1
稔,pre_1
稗,pre_1
稜,pre_1
穆,pre_1
穎,pre_1
穣,pre_1
穿,pre_1
窄,pre_1
窪,pre_1
窺,pre_1
竈,pre_1
竣,pre_1
竺,pre_1
竿,pre_1
笈,pre_1
笠,pre_1
笥,pre_1
笹,pre_1
筈,pre_1
筏,pre_1
筑,pre_1
箔,pre_1
箕,pre_1
箪,pre_1
箭,pre_1
篇,pre_1
篠,pre_1
篦,pre_1
簸,pre_1
簾,pre_1
籾,pre_1
粁,pre_1
粂,pre_1
粍,pre_1
粕,pre_1
粟,pre_1
粥,pre_1
糊,pre_1
糎,pre_1
糞,pre_1
糟,pre_1
糠,pre_1
紐,pre_1
紗,pre_1
紘,pre_1
紬,pre_1
絃,pre_1
絢,pre_1
綜,pre_1
綬,pre_1
綴,pre_1
綾,pre_1
緋,pre_1
緬,pre_1
縞,pre_1
繋,pre_1
繍,pre_1
纂,pre_1
纏,pre_1
罫,pre_1
翠,pre_1
翫,pre_1
翰,pre_1
耀,pre_1
而,pre_1
耶,pre_1
耽,pre_1
聡,pre_1
聯,pre_1
聾,pre_1
肇,pre_1
肋,pre_1
肱,pre_1
肴,pre_1
胡,pre_1
胤,pre_1
脆,pre_1
腔,pre_1
腿,pre_1
膏,pre_1
膿,pre_1
臥,pre_1
舘,pre_1
舛,pre_1
舜,pre_1
舵,pre_1
艮,pre_1
芙,pre_1
芥,pre_1
芭,pre_1
芹,pre_1
苅,pre_1
苑,pre_1
苒,pre_1
苓,pre_1
苔,pre_1
苧,pre_1
苫,pre_1
茄,pre_1
茅,pre_1
茜,pre_1
茸,pre_1
荊,pre_1
荏,pre_1
荻,pre_1
莞,pre_1
莫,pre_1
莱,pre_1
菅,pre_1
菖,pre_1
菟,pre_1
菩,pre_1
菰,pre_1
菱,pre_1
萄,pre_1
萌,pre_1
萩,pre_1
萱,pre_1
葎,pre_1
葡,pre_1
董,pre_1
葦,pre_1
葱,pre_1
葵,pre_1
葺,pre_1
蒋,pre_1
蒐,pre_1
蒔,pre_1
蒙,pre_1
蒜,pre_1
蒲,pre_1
蒼,pre_1
蓉,pre_1
蓑,pre_1
蓬,pre_1
蓮,pre_1
蔀,pre_1
蔓,pre_1
蔚,pre_1
蔦,pre_1
蔭,pre_1
蕃,pre_1
蕉,pre_1
蕊,pre_1
蕎,pre_1
蕗,pre_1
蕨,pre_1
蕩,pre_1
蕪,pre_1
薗,pre_1
薙,pre_1
薩,pre_1
薯,pre_1
藁,pre_1
藪,pre_1
藷,pre_1
蘇,pre_1
蘭,pre_1
虻,pre_1
蚤,pre_1
蛋,pre_1
蛙,pre_1
蛛,pre_1
蛤,pre_1
蛭,pre_1
蛸,pre_1
蛾,pre_1
蜘,pre_1
蝉,pre_1
蝋,pre_1
蝕,pre_1
蝦,pre_1
蝶,pre_1
螺,pre_1
蟹,pre_1
蟻,pre_1
蠅,pre_1
蠣,pre_1
衿,pre_1
袈,pre_1
袴,pre_1
袷,pre_1
裟,pre_1
裡,pre_1
裳,pre_1
襖,pre_1
覗,pre_1
訊,pre_1
訣,pre_1
註,pre_1
詑,pre_1
詫,pre_1
誹,pre_1
誼,pre_1
諏,pre_1
諒,pre_1
諜,pre_1
諫,pre_1
諺,pre_1
謂,pre_1
謬,pre_1
讚,pre_1
豎,pre_1
豹,pre_1
貰,pre_1
賑,pre_1
賤,pre_1
贋,pre_1
赫,pre_1
趨,pre_1
跨,pre_1
蹄,pre_1
蹟,pre_1
躯,pre_1
輔,pre_1
輯,pre_1
輿,pre_1
轍,pre_1
轟,pre_1
轡,pre_1
辰,pre_1
辻,pre_1
辿,pre_1
迂,pre_1
迄,pre_1
迦,pre_1
迺,pre_1
逗,pre_1
這,pre_1
逢,pre_1
逼,pre_1
遁,pre_1
遥,pre_1
遼,pre_1
邇,pre_1
邑,pre_1
郁,pre_1
鄭,pre_1
酉,pre_1
酋,pre_1
醇,pre_1
醍,pre_1
醐,pre_1
醗,pre_1
醤,pre_1
釘,pre_1
釦,pre_1
釧,pre_1
鈷,pre_1
鉤,pre_1
鉦,pre_1
鉾,pre_1
銚,pre_1
鋒,pre_1
鋤,pre_1
鋪,pre_1
鋲,pre_1
鋸,pre_1
錆,pre_1
錐,pre_1
錨,pre_1
錫,pre_1
鍍,pre_1
鍔,pre_1
鍬,pre_1
鍾,pre_1
鎔,pre_1
鎗,pre_1
鎚,pre_1
鎧,pre_1
鏑,pre_1
鐙,pre_1
鐸,pre_1
鑓,pre_1
閃,pre_1
閏,pre_1
閤,pre_1
阿,pre_1
陀,pre_1
隈,pre_1
隼,pre_1
雀,pre_1
雁,pre_1
雛,pre_1
雫,pre_1
霞,pre_1
靖,pre_1
靭,pre_1
鞄,pre_1
鞍,pre_1
鞘,pre_1
鞠,pre_1
鞭,pre_1
韃,pre_1
韭,pre_1
頁,pre_1
頗,pre_1
頸,pre_1
顛,pre_1
飴,pre_1
餐,pre_1
餠,pre_1
饗,pre_1
馨,pre_1
馳,pre_1
馴,pre_1
駁,pre_1
駈,pre_1
駕,pre_1
駿,pre_1
騨,pre_1
髭,pre_1
魁,pre_1
魯,pre_1
鮎,pre_1
鮒,pre_1
鮪,pre_1
鮫,pre_1
鮭,pre_1
鯉,pre_1
鯖,pre_1
鯛,pre_1
鰍,pre_1
鰐,pre_1
鰭,pre_1
鰯,pre_1
鰹,pre_1
鰺,pre_1
鰻,pre_1
鱈,pre_1
鱒,pre_1
鱗,pre_1
鳩,pre_1
鳳,pre_1
鳶,pre_1
鴇,pre_1
鴎,pre_1
鴛,pre_1
鴦,pre_1
鴨,pre_1
鴫,pre_1
鴻,pre_1
鵜,pre_1
鵠,pre_1
鵡,pre_1
鵬,pre_1
鶯,pre_1
鷲,pre_1
鷹,pre_1
鷺,pre_1
鸚,pre_1
鹸,pre_1
麒,pre_1
麟,pre_1
麹,pre_1
麿,pre_1
黍,pre_1
黛,pre_1
鼎,pre_1
鼠,pre_1
龍,pre_1
龝,pre_1
丐,1
丕,1
丗,1
个,1
丱,1
丶,1
丿,1
乂,1
乕,1
乖,1
乘,1
乢,1
亂,1
亅,1
亊,1
于,1
亞,1
亟,1
亠,1
亢,1
亰,1
亳,1
亶,1
仂,1
仄,1
仆,1
仍,1
从,1
仗,1
仞,1
仟,1
仭,1
价,1
伉,1
伜,1
估,1
佇,1
佗,1
佚,1
佛,1
佝,1
佞,1
佩,1
佯,1
佰,1
佶,1
佻,1
來,1
侈,1
侏,1
侑,1
侖,1
侘,1
侫,1
侭,1
俎,1
俐,1
俑,1
俔,1
俘,1
俚,1
俛,1
俟,1
俤,1
俥,1
俯,1
俶,1
俾,1
倅,1
倆,1
倏,1
們,1
倔,1
倚,1
倡,1
倥,1
倨,1
倩,1
倪,1
倬,1
偃,1
假,1
偈,1
偐,1
偕,1
偖,1
做,1
偬,1
偸,1
傀,1
傅,1
傚,1
傳,1
傴,1
僂,1
僉,1
僊,1
僖,1
僞,1
僣,1
僥,1
僭,1
僮,1
僵,1
價,1
儁,1
儂,1
儉,1
儔,1
儕,1
儖,1
儚,1
儡,1
儷,1
儺,1
儻,1
儼,1
儿,1
兀,1
兌,1
兎,1
兒,1
兢,1
兩,1
兪,1
兮,1
冀,1
冂,1
冉,1
册,1
冏,1
冐,1
冑,1
冓,1
冕,1
冖,1
冢,1
冤,1
冦,1
冨,1
冩,1
冪,1
冫,1
冰,1
冱,1
冲,1
决,1
况,1
冽,1
凅,1
凉,1
凖,1
凛,1
凜,1
几,1
凩,1
凭,1
凵,1
凾,1
刄,1
刋,1
刎,1
刔,1
刧,1
刪,1
刮,1
刳,1
剄,1
剋,1
剌,1
剏,1
剔,1
剞,1
剩,1
剪,1
剱,1
剳,1
剴,1
剽,1
剿,1
劈,1
劍,1
劑,1
劒,1
劔,1
劬,1
劭,1
劵,1
劼,1
勁,1
勍,1
勒,1
勗,1
勞,1
勠,1
勣,1
勦,1
勳,1
勵,1
勸,1
勹,1
匆,1
匈,1
匍,1
匏,1
匐,1
匕,1
匚,1
匣,1
匯,1
匱,1
匳,1
匸,1
區,1
卅,1
卆,1
卉,1
卍,1
卞,1
卩,1
卮,1
卷,1
卻,1
厂,1
厖,1
厠,1
厥,1
厦,1
厨,1
厩,1
厮,1
厰,1
厶,1
參,1
叟,1
叨,1
叭,1
叮,1
叺,1
吁,1
吝,1
吩,1
听,1
吭,1
吮,1
吶,1
吼,1
吽,1
呀,1
呎,1
呟,1
呰,1
呱,1
呵,1
呶,1
呷,1
呻,1
咀,1
咄,1
咆,1
咋,1
咎,1
咏,1
咐,1
咒,1
咢,1
咤,1
咥,1
咨,1
咫,1
咬,1
咯,1
咸,1
咼,1
咾,1
哂,1
哄,1
哇,1
哈,1
哘,1
哢,1
哥,1
哦,1
哭,1
哮,1
哽,1
唏,1
唔,1
售,1
唳,1
唸,1
唹,1
啀,1
啅,1
啌,1
啖,1
啗,1
啜,1
啝,1
啣,1
啻,1
啼,1
啾,1
喀,1
喃,1
喇,1
喊,1
喘,1
喙,1
喞,1
喟,1
喨,1
單,1
嗄,1
嗇,1
嗔,1
嗚,1
嗜,1
嗟,1
嗤,1
嗷,1
嗹,1
嗽,1
嗾,1
嘔,1
嘖,1
嘛,1
嘯,1
嘴,1
嘶,1
嘸,1
噎,1
噐,1
噤,1
噪,1
噫,1
噬,1
嚀,1
嚆,1
嚊,1
嚏,1
嚔,1
嚠,1
嚥,1
嚮,1
嚴,1
嚶,1
嚼,1
囀,1
囁,1
囂,1
囃,1
囈,1
囎,1
囑,1
囓,1
囗,1
囘,1
囮,1
囹,1
囿,1
圀,1
圄,1
圈,1
圉,1
國,1
圍,1
圓,1
圖,1
團,1
圜,1
圦,1
圷,1
圸,1
圻,1
址,1
坎,1
坏,1
坡,1
坩,1
坿,1
垈,1
垉,1
垓,1
垠,1
垤,1
垪,1
垰,1
垳,1
埀,1
埃,1
埆,1
埒,1
埓,1
埔,1
埖,1
埣,1
堊,1
堋,1
堙,1
堝,1
堡,1
堯,1
堽,1
塋,1
塒,1
塢,1
塰,1
塲,1
塹,1
墅,1
墟,1
墫,1
墮,1
墸,1
墹,1
墺,1
墻,1
壅,1
壑,1
壓,1
壗,1
壘,1
壙,1
壜,1
壞,1
壟,1
壤,1
壥,1
壯,1
壷,1
壹,1
壻,1
壼,1
壽,1
夂,1
夊,1
夐,1
夘,1
夛,1
夥,1
夬,1
夭,1
夲,1
夸,1
夾,1
奎,1
奐,1
奕,1
奘,1
奚,1
奠,1
奢,1
奧,1
奩,1
奬,1
奸,1
妁,1
妍,1
妛,1
妝,1
妣,1
妲,1
姆,1
姙,1
姚,1
姜,1
姨,1
娉,1
娑,1
娚,1
娜,1
娟,1
娥,1
娵,1
娶,1
婀,1
婉,1
婢,1
婪,1
婬,1
媚,1
媼,1
媽,1
媾,1
嫂,1
嫋,1
嫐,1
嫖,1
嫗,1
嫣,1
嫦,1
嫩,1
嫺,1
嫻,1
嬋,1
嬌,1
嬖,1
嬪,1
嬲,1
嬶,1
嬾,1
孀,1
孃,1
孅,1
孑,1
孕,1
孚,1
孛,1
孥,1
孩,1
孰,1
孱,1
孳,1
孵,1
學,1
孺,1
宀,1
它,1
宦,1
宸,1
寃,1
寇,1
寉,1
寐,1
寔,1
寞,1
寢,1
寤,1
寥,1
實,1
寨,1
寫,1
寰,1
寳,1
寶,1
尅,1
將,1
專,1
對,1
尓,1
尠,1
尢,1
尨,1
尸,1
尹,1
屁,1
屆,1
屎,1
屏,1
屐,1
屓,1
屠,1
屬,1
屮,1
屶,1
屹,1
岌,1
岑,1
岔,1
岫,1
岶,1
岷,1
岻,1
岼,1
岾,1
峅,1
峇,1
峙,1
峩,1
峪,1
峭,1
峺,1
峽,1
崋,1
崑,1
崔,1
崕,1
崗,1
崘,1
崙,1
崚,1
崛,1
崟,1
崢,1
嵋,1
嵌,1
嵎,1
嵒,1
嵜,1
嵬,1
嵳,1
嵶,1
嶂,1
嶄,1
嶇,1
嶌,1
嶐,1
嶝,1
嶢,1
嶬,1
嶮,1
嶷,1
嶼,1
嶽,1
巉,1
巍,1
巒,1
巓,1
巖,1
巛,1
巫,1
已,1
巵,1
帋,1
帑,1
帙,1
帚,1
帛,1
帶,1
帷,1
幀,1
幃,1
幄,1
幇,1
幎,1
幔,1
幗,1
幟,1
幢,1
幤,1
幵,1
并,1
幺,1
广,1
庠,1
廁,1
廂,1
廈,1
廐,1
廖,1
廛,1
廝,1
廡,1
廢,1
廣,1
廨,1
廩,1
廬,1
廰,1
廱,1
廳,1
廴,1
廸,1
廼,1
廾,1
弃,1
弉,1
弋,1
弌,1
弍,1
弑,1
弖,1
弩,1
弭,1
弯,1
弸,1
彁,1
彈,1
彌,1
彎,1
彑,1
彖,1
彗,1
彜,1
彝,1
彡,1
彭,1
彳,1
彷,1
彿,1
徂,1
徃,1
徇,1
很,1
徊,1
徑,1
徘,1
徙,1
從,1
徠,1
徨,1
徭,1
徼,1
忖,1
忝,1
忤,1
忰,1
忱,1
忸,1
忻,1
忿,1
怎,1
怏,1
怐,1
怕,1
怙,1
怛,1
怡,1
怦,1
怩,1
怫,1
怱,1
怺,1
恁,1
恂,1
恃,1
恆,1
恊,1
恍,1
恙,1
恚,1
恟,1
恠,1
恤,1
恪,1
恫,1
恬,1
恷,1
悁,1
悃,1
悄,1
悋,1
悍,1
悒,1
悖,1
悗,1
悚,1
悛,1
悧,1
悳,1
悴,1
悵,1
悸,1
悽,1
惆,1
惓,1
惘,1
惠,1
惡,1
惱,1
惴,1
惶,1
惷,1
惺,1
惻,1
愀,1
愃,1
愆,1
愍,1
愎,1
愕,1
愡,1
愧,1
愨,1
愬,1
愴,1
愼,1
愽,1
愾,1
愿,1
慂,1
慇,1
慊,1
慍,1
慓,1
慘,1
慙,1
慚,1
慝,1
慟,1
慥,1
慫,1
慯,1
慱,1
慳,1
慴,1
慵,1
慷,1
憇,1
憊,1
憑,1
憔,1
憖,1
憙,1
憚,1
憫,1
憮,1
憺,1
懃,1
懆,1
懈,1
應,1
懊,1
懋,1
懌,1
懍,1
懣,1
懦,1
懴,1
懶,1
懷,1
懺,1
懼,1
懽,1
懾,1
懿,1
戀,1
戈,1
戉,1
戌,1
戍,1
戔,1
戛,1
戝,1
戞,1
戡,1
截,1
戮,1
戰,1
戲,1
戳,1
扁,1
扈,1
扎,1
扛,1
扞,1
扠,1
扣,1
扨,1
扼,1
找,1
抂,1
抃,1
抉,1
抒,1
抓,1
抔,1
抖,1
抛,1
抬,1
抻,1
拂,1
拆,1
拇,1
拈,1
拊,1
拌,1
拏,1
拑,1
拔,1
拗,1
拜,1
拮,1
拯,1
拱,1
拵,1
拿,1
挂,1
挈,1
挌,1
挧,1
挾,1
捍,1
捏,1
捐,1
捩,1
捫,1
捶,1
掀,1
掉,1
掎,1
掏,1
掖,1
掟,1
掣,1
掫,1
掵,1
掾,1
揀,1
揄,1
揆,1
揉,1
插,1
揣,1
揩,1
揶,1
搆,1
搏,1
搓,1
搖,1
搗,1
搜,1
搦,1
搨,1
搴,1
搶,1
摎,1
摧,1
摶,1
撈,1
撓,1
撕,1
撥,1
撩,1
撹,1
撻,1
撼,1
擂,1
擅,1
擇,1
擒,1
擔,1
擘,1
據,1
擠,1
擡,1
擣,1
擧,1
擯,1
擱,1
擲,1
擴,1
擶,1
擺,1
擽,1
攀,1
攅,1
攘,1
攜,1
攝,1
攣,1
攤,1
攫,1
攬,1
攴,1
攵,1
收,1
攷,1
攸,1
效,1
敍,1
敕,1
敖,1
敘,1
敝,1
敞,1
敲,1
數,1
斂,1
斃,1
斈,1
斛,1
斟,1
斫,1
斷,1
旁,1
旃,1
旄,1
旆,1
旌,1
旒,1
旙,1
旛,1
无,1
旡,1
旱,1
旻,1
昃,1
昊,1
昜,1
昴,1
昵,1
昶,1
昿,1
晁,1
晄,1
晉,1
晏,1
晝,1
晞,1
晟,1
晢,1
晤,1
晧,1
晨,1
晰,1
暃,1
暄,1
暈,1
暉,1
暎,1
暘,1
暝,1
暸,1
暹,1
暼,1
暾,1
曁,1
曄,1
曉,1
曚,1
曠,1
曦,1
曩,1
曰,1
曵,1
曷,1
曼,1
曾,1
會,1
朏,1
朖,1
朞,1
朦,1
朧,1
朮,1
朶,1
朷,1
朸,1
朿,1
杁,1
杆,1
杙,1
杞,1
杠,1
杣,1
杤,1
杪,1
杰,1
杲,1
杳,1
杼,1
枅,1
枉,1
枋,1
枌,1
枡,1
枦,1
枩,1
枳,1
枴,1
枷,1
枸,1
枹,1
柆,1
柎,1
柝,1
柞,1
柢,1
柤,1
柧,1
柩,1
柬,1
柮,1
柯,1
栞,1
栢,1
栩,1
栫,1
栲,1
桀,1
框,1
桍,1
桎,1
桙,1
档,1
桧,1
桴,1
桷,1
桾,1
桿,1
梃,1
梍,1
梏,1
梔,1
梛,1
條,1
梟,1
梠,1
梦,1
梭,1
梳,1
梵,1
梹,1
梺,1
梼,1
棆,1
棊,1
棍,1
棔,1
棕,1
棗,1
棘,1
棠,1
棡,1
棣,1
棧,1
棯,1
棹,1
椁,1
椄,1
椈,1
椌,1
椏,1
椒,1
椚,1
椡,1
椢,1
椣,1
椥,1
椦,1
椨,1
椪,1
椰,1
椶,1
椹,1
椽,1
楔,1
楕,1
楙,1
楜,1
楝,1
楞,1
楡,1
楪,1
楫,1
楮,1
楴,1
楸,1
楹,1
楾,1
榁,1
榑,1
榔,1
榕,1
榜,1
榠,1
榧,1
榮,1
榱,1
榲,1
榴,1
榻,1
榾,1
榿,1
槁,1
槃,1
槇,1
槊,1
槎,1
槐,1
槓,1
槝,1
槞,1
槧,1
槨,1
槫,1
槭,1
槲,1
槹,1
槿,1
樂,1
樅,1
樊,1
樌,1
樒,1
樓,1
樔,1
樛,1
樞,1
樢,1
樣,1
樮,1
樶,1
樸,1
橄,1
橇,1
橈,1
橙,1
橦,1
橲,1
橸,1
檄,1
檍,1
檐,1
檗,1
檠,1
檢,1
檣,1
檪,1
檬,1
檳,1
檸,1
檻,1
櫁,1
櫂,1
櫃,1
櫑,1
櫚,1
櫞,1
櫟,1
櫨,1
櫪,1
櫺,1
櫻,1
欅,1
權,1
欒,1
欖,1
欝,1
欟,1
欷,1
欸,1
欹,1
歃,1
歇,1
歉,1
歐,1
歔,1
歙,1
歛,1
歟,1
歡,1
歸,1
歹,1
歿,1
殀,1
殃,1
殄,1
殍,1
殕,1
殘,1
殞,1
殤,1
殪,1
殫,1
殯,1
殱,1
殲,1
殳,1
殷,1
殼,1
毆,1
毋,1
毓,1
毟,1
毫,1
毬,1
毯,1
毳,1
氈,1
氓,1
气,1
氛,1
氣,1
氤,1
汕,1
汞,1
汢,1
汨,1
汪,1
汳,1
汾,1
沁,1
沂,1
沍,1
沐,1
沒,1
沚,1
沛,1
沮,1
沱,1
沺,1
沽,1
沾,1
泄,1
泅,1
泓,1
泗,1
泙,1
泛,1
泝,1
泪,1
泯,1
泱,1
洌,1
洒,1
洙,1
洟,1
洫,1
洳,1
洵,1
洶,1
洸,1
洽,1
浙,1
浚,1
浣,1
浤,1
浹,1
涅,1
涎,1
涓,1
涕,1
涛,1
涵,1
涸,1
淅,1
淆,1
淇,1
淌,1
淒,1
淕,1
淙,1
淞,1
淤,1
淦,1
淨,1
淪,1
淬,1
淮,1
淹,1
淺,1
渊,1
渕,1
渙,1
渝,1
渟,1
渣,1
渤,1
渫,1
渭,1
渮,1
游,1
渺,1
渾,1
湃,1
湍,1
湎,1
湟,1
湫,1
湮,1
湲,1
湶,1
溂,1
溏,1
溘,1
溟,1
溥,1
溪,1
溲,1
溷,1
溽,1
滂,1
滄,1
滉,1
滌,1
滓,1
滔,1
滕,1
滬,1
滯,1
滲,1
滷,1
滸,1
滾,1
滿,1
漓,1
漱,1
漲,1
漾,1
漿,1
潁,1
潅,1
潘,1
潛,1
潦,1
潭,1
潯,1
潴,1
潸,1
潺,1
潼,1
澀,1
澁,1
澂,1
澆,1
澎,1
澑,1
澡,1
澣,1
澤,1
澪,1
澳,1
澹,1
濂,1
濆,1
濔,1
濕,1
濘,1
濛,1
濟,1
濬,1
濮,1
濱,1
濳,1
濶,1
濺,1
濾,1
瀁,1
瀉,1
瀋,1
瀏,1
瀑,1
瀘,1
瀚,1
瀛,1
瀝,1
瀟,1
瀰,1
瀲,1
瀾,1
灑,1
灣,1
炒,1
炙,1
炬,1
炮,1
炯,1
炳,1
炸,1
烋,1
烙,1
烝,1
烟,1
烱,1
烽,1
焉,1
焙,1
焜,1
煌,1
煕,1
煖,1
煢,1
煥,1
煦,1
煬,1
熄,1
熈,1
熏,1
熔,1
熕,1
熙,1
熨,1
熬,1
熹,1
熾,1
燉,1
燎,1
燒,1
燔,1
燗,1
營,1
燠,1
燧,1
燬,1
燮,1
燵,1
燹,1
燻,1
燼,1
燿,1
爍,1
爐,1
爛,1
爨,1
爬,1
爭,1
爰,1
爲,1
爻,1
爼,1
爿,1
牀,1
牆,1
牋,1
牘,1
牴,1
牾,1
犁,1
犂,1
犇,1
犒,1
犖,1
犢,1
犧,1
犲,1
犹,1
狃,1
狄,1
狆,1
狎,1
狒,1
狠,1
狡,1
狢,1
狷,1
狹,1
猊,1
猖,1
猗,1
猜,1
猝,1
猥,1
猩,1
猯,1
猴,1
猾,1
獎,1
獏,1
獗,1
獨,1
獪,1
獰,1
獵,1
獸,1
獺,1
獻,1
玳,1
玻,1
珀,1
珈,1
珎,1
珞,1
珥,1
珮,1
珱,1
珸,1
琅,1
琥,1
琲,1
琺,1
琿,1
瑁,1
瑕,1
瑙,1
瑜,1
瑟,1
瑣,1
瑤,1
瑩,1
瑪,1
瑯,1
瑰,1
瑶,1
瑾,1
璋,1
璞,1
璢,1
瓊,1
瓏,1
瓔,1
瓠,1
瓣,1
瓧,1
瓩,1
瓮,1
瓰,1
瓱,1
瓲,1
瓷,1
瓸,1
甃,1
甄,1
甅,1
甌,1
甍,1
甎,1
甓,1
甕,1
甞,1
甦,1
甬,1
甸,1
甼,1
畄,1
畆,1
畉,1
畊,1
畋,1
畍,1
畚,1
畛,1
畤,1
畧,1
畩,1
畫,1
畭,1
畴,1
當,1
畸,1
疂,1
疆,1
疇,1
疉,1
疊,1
疔,1
疚,1
疝,1
疣,1
疥,1
疱,1
疳,1
疵,1
疸,1
疼,1
疽,1
痂,1
痃,1
痊,1
痍,1
痒,1
痙,1
痞,1
痣,1
痰,1
痲,1
痳,1
痺,1
痼,1
痾,1
痿,1
瘁,1
瘉,1
瘋,1
瘟,1
瘠,1
瘡,1
瘢,1
瘤,1
瘧,1
瘰,1
瘴,1
瘻,1
癆,1
癇,1
癈,1
癘,1
癜,1
癡,1
癢,1
癧,1
癨,1
癩,1
癪,1
癬,1
癰,1
癲,1
癶,1
癸,1
發,1
皀,1
皃,1
皈,1
皋,1
皎,1
皓,1
皖,1
皙,1
皚,1
皰,1
皴,1
皷,1
皸,1
皹,1
皺,1
盂,1
盍,1
盒,1
盖,1
盜,1
盞,1
盡,1
盥,1
盧,1
盪,1
盻,1
眄,1
眇,1
眈,1
眛,1
眞,1
眤,1
眥,1
眦,1
眩,1
眷,1
眸,1
睇,1
睚,1
睛,1
睥,1
睨,1
睫,1
睹,1
睾,1
睿,1
瞋,1
瞎,1
瞑,1
瞞,1
瞠,1
瞰,1
瞶,1
瞹,1
瞻,1
瞼,1
瞽,1
瞿,1
矇,1
矍,1
矗,1
矚,1
矜,1
矣,1
矮,1
矼,1
砌,1
砒,1
砠,1
砺,1
砿,1
硅,1
硴,1
硼,1
碆,1
碌,1
碎,1
碕,1
碗,1
碚,1
碣,1
碪,1
碯,1
碵,1
碼,1
碾,1
磅,1
磆,1
磊,1
磋,1
磑,1
磔,1
磚,1
磧,1
磬,1
磴,1
磽,1
礇,1
礑,1
礒,1
礙,1
礫,1
礬,1
祀,1
祓,1
祕,1
祗,1
祚,1
祟,1
祠,1
祢,1
祺,1
祿,1
禀,1
禊,1
禝,1
禧,1
禪,1
禮,1
禳,1
禹,1
禺,1
秉,1
秕,1
秡,1
秣,1
秧,1
秬,1
稈,1
稍,1
稘,1
稙,1
稟,1
稠,1
稱,1
稷,1
稻,1
稾,1
穃,1
穉,1
穐,1
穗,1
穡,1
穢,1
穩,1
穰,1
穹,1
穽,1
窈,1
窕,1
窖,1
窗,1
窘,1
窩,1
窰,1
窶,1
窿,1
竃,1
竄,1
竅,1
竇,1
竊,1
竍,1
竏,1
竒,1
竓,1
竕,1
站,1
竚,1
竝,1
竟,1
竡,1
竢,1
竦,1
竪,1
竭,1
竰,1
竸,1
笂,1
笄,1
笆,1
笊,1
笋,1
笏,1
笘,1
笙,1
笞,1
笨,1
笳,1
笵,1
笶,1
筅,1
筌,1
筍,1
筐,1
筝,1
筥,1
筧,1
筬,1
筮,1
筰,1
筱,1
筴,1
筵,1
筺,1
箆,1
箍,1
箏,1
箒,1
箘,1
箙,1
箚,1
箜,1
箝,1
箟,1
箴,1
篁,1
篆,1
篋,1
篌,1
篏,1
篝,1
篥,1
篩,1
篭,1
篳,1
篶,1
篷,1
簀,1
簇,1
簍,1
簑,1
簒,1
簓,1
簔,1
簗,1
簟,1
簣,1
簧,1
簪,1
簫,1
簷,1
簽,1
籀,1
籃,1
籌,1
籏,1
籐,1
籔,1
籖,1
籘,1
籟,1
籤,1
籥,1
籬,1
籵,1
粃,1
粐,1
粡,1
粢,1
粤,1
粨,1
粫,1
粭,1
粮,1
粱,1
粲,1
粳,1
粹,1
粽,1
糀,1
糂,1
糅,1
糒,1
糘,1
糜,1
糢,1
糯,1
糲,1
糴,1
糶,1
糺,1
紂,1
紆,1
紊,1
紕,1
紜,1
紮,1
紲,1
紵,1
紿,1
絅,1
絆,1
絋,1
絎,1
絏,1
絖,1
絛,1
絣,1
絨,1
絮,1
絲,1
絳,1
絽,1
綉,1
綏,1
經,1
綛,1
綟,1
綢,1
綣,1
綫,1
綮,1
綯,1
綰,1
綵,1
綸,1
綺,1
綽,1
緇,1
緕,1
緘,1
緜,1
緝,1
緞,1
緡,1
緤,1
緲,1
縅,1
縉,1
縊,1
縋,1
縒,1
縟,1
縡,1
縢,1
縣,1
縱,1
縲,1
縵,1
縷,1
縹,1
縺,1
縻,1
總,1
繃,1
繆,1
繖,1
繙,1
繚,1
繝,1
繞,1
繦,1
繧,1
繩,1
繪,1
繹,1
繻,1
繼,1
繽,1
繿,1
纃,1
纈,1
纉,1
續,1
纎,1
纐,1
纒,1
纓,1
纔,1
纖,1
纛,1
纜,1
缸,1
缺,1
罅,1
罌,1
罍,1
罎,1
罐,1
网,1
罔,1
罕,1
罘,1
罟,1
罠,1
罧,1
罨,1
罩,1
罸,1
罹,1
羂,1
羃,1
羆,1
羇,1
羈,1
羌,1
羔,1
羚,1
羝,1
羣,1
羮,1
羯,1
羲,1
羶,1
羸,1
羹,1
翅,1
翆,1
翊,1
翔,1
翕,1
翡,1
翦,1
翩,1
翳,1
翹,1
耄,1
耆,1
耋,1
耒,1
耘,1
耙,1
耜,1
耡,1
耨,1
耻,1
耿,1
聆,1
聊,1
聒,1
聘,1
聚,1
聟,1
聢,1
聨,1
聰,1
聲,1
聳,1
聶,1
聹,1
聽,1
聿,1
肄,1
肅,1
肆,1
肓,1
肚,1
肛,1
肬,1
肭,1
胄,1
胖,1
胙,1
胚,1
胛,1
胝,1
胥,1
胯,1
胱,1
胼,1
脉,1
脛,1
脣,1
脩,1
脯,1
脾,1
腆,1
腋,1
腑,1
腓,1
腟,1
腥,1
腦,1
腮,1
腱,1
腴,1
膀,1
膂,1
膃,1
膈,1
膊,1
膓,1
膕,1
膠,1
膣,1
膤,1
膩,1
膰,1
膵,1
膸,1
膺,1
膽,1
膾,1
臀,1
臂,1
臈,1
臉,1
臍,1
臑,1
臘,1
臙,1
臚,1
臟,1
臠,1
臧,1
臺,1
臻,1
臾,1
舁,1
舂,1
舅,1
與,1
舉,1
舊,1
舍,1
舐,1
舒,1
舖,1
舩,1
舫,1
舮,1
舳,1
舸,1
艀,1
艘,1
艙,1
艚,1
艝,1
艟,1
艢,1
艤,1
艨,1
艪,1
艫,1
艱,1
艷,1
艸,1
艾,1
芍,1
芒,1
芟,1
芦,1
芫,1
芬,1
芻,1
苙,1
苜,1
苞,1
苟,1
苡,1
苣,1
苳,1
苴,1
苹,1
苺,1
苻,1
范,1
茆,1
茉,1
茖,1
茗,1
茘,1
茣,1
茫,1
茯,1
茱,1
茲,1
茴,1
茵,1
茹,1
荀,1
荅,1
荐,1
荳,1
荵,1
荼,1
莅,1
莇,1
莉,1
莊,1
莎,1
莓,1
莖,1
莚,1
莟,1
莠,1
莢,1
莨,1
莪,1
莵,1
莽,1
菁,1
菎,1
菘,1
菠,1
菫,1
菲,1
菴,1
菷,1
菻,1
菽,1
萃,1
萇,1
萋,1
萍,1
萓,1
萠,1
萢,1
萪,1
萬,1
萵,1
萸,1
萼,1
葆,1
葢,1
葩,1
葫,1
葭,1
葮,1
葯,1
葷,1
葹,1
蒂,1
蒄,1
蒟,1
蒡,1
蒭,1
蒹,1
蒻,1
蒿,1
蓁,1
蓆,1
蓊,1
蓍,1
蓐,1
蓖,1
蓙,1
蓚,1
蓴,1
蓼,1
蓿,1
蔆,1
蔔,1
蔕,1
蔗,1
蔘,1
蔟,1
蔡,1
蔬,1
蕀,1
蕁,1
蕈,1
蕋,1
蕕,1
蕘,1
蕚,1
蕣,1
蕭,1
蕷,1
蕾,1
薀,1
薇,1
薈,1
薊,1
薐,1
薑,1
薔,1
薛,1
薜,1
薤,1
薨,1
薮,1
薹,1
薺,1
藉,1
藏,1
藐,1
藕,1
藜,1
藝,1
藥,1
藹,1
藺,1
藾,1
蘂,1
蘆,1
蘊,1
蘋,1
蘓,1
蘖,1
蘗,1
蘚,1
蘢,1
蘯,1
蘰,1
蘿,1
虍,1
虔,1
處,1
號,1
虧,1
虱,1
蚋,1
蚌,1
蚓,1
蚣,1
蚩,1
蚪,1
蚫,1
蚯,1
蚰,1
蚶,1
蛄,1
蛆,1
蛉,1
蛎,1
蛔,1
蛞,1
蛟,1
蛩,1
蛬,1
蛯,1
蛹,1
蛻,1
蜀,1
蜃,1
蜆,1
蜈,1
蜉,1
蜊,1
蜍,1
蜑,1
蜒,1
蜚,1
蜥,1
蜩,1
蜴,1
蜷,1
蜻,1
蜿,1
蝌,1
蝎,1
蝓,1
蝗,1
蝙,1
蝟,1
蝠,1
蝣,1
蝨,1
蝪,1
蝮,1
蝴,1
蝸,1
蝿,1
螂,1
螟,1
螢,1
螫,1
螯,1
螳,1
螻,1
螽,1
蟀,1
蟄,1
蟆,1
蟇,1
蟋,1
蟐,1
蟒,1
蟠,1
蟯,1
蟲,1
蟶,1
蟷,1
蟾,1
蠍,1
蠎,1
蠏,1
蠑,1
蠕,1
蠖,1
蠡,1
蠢,1
蠧,1
蠱,1
蠶,1
蠹,1
蠻,1
衂,1
衄,1
衍,1
衒,1
衙,1
衞,1
衢,1
衫,1
衲,1
衵,1
衽,1
衾,1
袁,1
袂,1
袍,1
袒,1
袗,1
袙,1
袞,1
袢,1
袤,1
袮,1
袰,1
袱,1
袵,1
袿,1
裃,1
裄,1
裔,1
裘,1
裙,1
裝,1
裨,1
裲,1
裴,1
裹,1
裼,1
褂,1
褄,1
褊,1
褌,1
褓,1
褝,1
褞,1
褥,1
褪,1
褫,1
褶,1
褸,1
褻,1
襁,1
襃,1
襄,1
襌,1
襍,1
襞,1
襠,1
襤,1
襦,1
襪,1
襭,1
襯,1
襴,1
襷,1
襾,1
覃,1
覈,1
覊,1
覓,1
覘,1
覡,1
覦,1
覩,1
覬,1
覯,1
覲,1
覺,1
覽,1
覿,1
觀,1
觚,1
觜,1
觝,1
觧,1
觴,1
觸,1
訌,1
訐,1
訖,1
訛,1
訝,1
訥,1
訶,1
詁,1
詆,1
詈,1
詒,1
詛,1
詢,1
詬,1
詭,1
詼,1
誂,1
誄,1
誅,1
誑,1
誚,1
誡,1
誣,1
誥,1
誦,1
誨,1
諂,1
諄,1
諌,1
諍,1
諚,1
諛,1
諞,1
諠,1
諡,1
諢,1
諤,1
諱,1
諳,1
諷,1
謇,1
謌,1
謐,1
謔,1
謖,1
謗,1
謚,1
謠,1
謦,1
謨,1
謫,1
謳,1
謾,1
譁,1
證,1
譌,1
譎,1
譏,1
譖,1
譚,1
譛,1
譟,1
譫,1
譬,1
譯,1
譱,1
譴,1
譽,1
讀,1
讃,1
變,1
讌,1
讎,1
讐,1
讒,1
讓,1
讖,1
讙,1
谺,1
谿,1
豁,1
豈,1
豌,1
豐,1
豕,1
豢,1
豫,1
豬,1
豸,1
豺,1
豼,1
貂,1
貅,1
貉,1
貊,1
貍,1
貎,1
貔,1
貘,1
貭,1
貮,1
貲,1
貳,1
貶,1
貽,1
賁,1
賈,1
賍,1
賎,1
賚,1
賣,1
賺,1
賻,1
賽,1
贄,1
贅,1
贇,1
贊,1
贍,1
贏,1
贐,1
贓,1
贔,1
贖,1
赧,1
赭,1
赱,1
赳,1
趁,1
趙,1
趺,1
趾,1
跂,1
跋,1
跌,1
跏,1
跖,1
跚,1
跛,1
跟,1
跣,1
跪,1
跫,1
跼,1
跿,1
踈,1
踉,1
踐,1
踝,1
踞,1
踟,1
踰,1
踴,1
踵,1
蹂,1
蹇,1
蹈,1
蹉,1
蹊,1
蹌,1
蹐,1
蹕,1
蹙,1
蹠,1
蹣,1
蹤,1
蹲,1
蹶,1
蹼,1
躁,1
躄,1
躅,1
躇,1
躊,1
躋,1
躑,1
躓,1
躔,1
躙,1
躡,1
躪,1
躬,1
躰,1
躱,1
躾,1
軅,1
軆,1
軈,1
軋,1
軛,1
軣,1
軫,1
軻,1
軼,1
軾,1
輅,1
輊,1
輌,1
輒,1
輓,1
輕,1
輙,1
輛,1
輜,1
輟,1
輦,1
輳,1
輹,1
輻,1
輾,1
轂,1
轅,1
轆,1
轉,1
轌,1
轎,1
轗,1
轜,1
轢,1
轣,1
轤,1
辜,1
辟,1
辧,1
辨,1
辭,1
辮,1
辯,1
辷,1
迚,1
迢,1
迥,1
迩,1
迪,1
迯,1
迴,1
迸,1
迹,1
逅,1
逋,1
逍,1
逎,1
逑,1
逕,1
逖,1
逞,1
逡,1
逧,1
逵,1
逶,1
逹,1
逾,1
遉,1
遏,1
遐,1
遑,1
遒,1
遖,1
遘,1
遙,1
遞,1
遨,1
遯,1
遲,1
遶,1
遽,1
邀,1
邁,1
邂,1
邃,1
邉,1
邊,1
邏,1
邨,1
邯,1
邱,1
邵,1
郛,1
郢,1
郤,1
鄂,1
鄒,1
鄙,1
鄰,1
鄲,1
酊,1
酖,1
酘,1
酣,1
酥,1
酩,1
酲,1
酳,1
醂,1
醉,1
醋,1
醢,1
醪,1
醫,1
醯,1
醴,1
醵,1
醺,1
釀,1
釁,1
釆,1
釉,1
釋,1
釐,1
釖,1
釛,1
釟,1
釡,1
釵,1
釶,1
釼,1
釿,1
鈎,1
鈑,1
鈔,1
鈕,1
鈞,1
鈩,1
鈬,1
鈿,1
鉅,1
鉈,1
鉉,1
鉋,1
鉐,1
鉗,1
鉚,1
鉞,1
銓,1
銕,1
銖,1
銛,1
銜,1
銷,1
銹,1
鋏,1
鋩,1
鋺,1
錏,1
錙,1
錚,1
錢,1
錣,1
錵,1
錺,1
錻,1
鍄,1
鍖,1
鍜,1
鍠,1
鍮,1
鍼,1
鎬,1
鎭,1
鎰,1
鎹,1
鏃,1
鏈,1
鏐,1
鏖,1
鏗,1
鏘,1
鏝,1
鏤,1
鏥,1
鏨,1
鐃,1
鐇,1
鐐,1
鐓,1
鐔,1
鐚,1
鐡,1
鐫,1
鐵,1
鐶,1
鐺,1
鑁,1
鑄,1
鑒,1
鑚,1
鑛,1
鑞,1
鑠,1
鑢,1
鑪,1
鑰,1
鑵,1
鑷,1
鑼,1
鑽,1
鑾,1
鑿,1
钁,1
閂,1
閇,1
閊,1
閔,1
閖,1
閘,1
閙,1
閠,1
閧,1
閨,1
閭,1
閹,1
閻,1
閼,1
閾,1
闃,1
闊,1
闌,1
闍,1
闔,1
闕,1
闖,1
關,1
闡,1
闢,1
闥,1
阡,1
阨,1
阮,1
阯,1
陂,1
陋,1
陌,1
陏,1
陜,1
陝,1
陞,1
陟,1
陦,1
陬,1
陲,1
陷,1
隋,1
隍,1
隕,1
隗,1
隘,1
隧,1
隨,1
險,1
隰,1
隱,1
隲,1
隴,1
隶,1
隸,1
隹,1
雉,1
雋,1
雍,1
雎,1
雕,1
雖,1
雙,1
雜,1
雹,1
霄,1
霆,1
霈,1
霍,1
霎,1
霏,1
霑,1
霓,1
霖,1
霙,1
霤,1
霪,1
霰,1
霸,1
霹,1
霽,1
霾,1
靂,1
靄,1
靆,1
靈,1
靉,1
靜,1
靠,1
靡,1
靤,1
靦,1
靨,1
靫,1
靱,1
靹,1
靺,1
靼,1
鞁,1
鞅,1
鞆,1
鞋,1
鞏,1
鞐,1
鞜,1
鞣,1
鞦,1
鞨,1
鞫,1
鞳,1
鞴,1
韆,1
韈,1
韋,1
韜,1
韮,1
韲,1
韵,1
韶,1
頌,1
頏,1
頚,1
頡,1
頤,1
頴,1
頷,1
頽,1
顆,1
顋,1
顏,1
顫,1
顯,1
顰,1
顱,1
顳,1
顴,1
颪,1
颯,1
颱,1
颶,1
飃,1
飄,1
飆,1
飜,1
飩,1
飫,1
飭,1
飮,1
餃,1
餉,1
餒,1
餔,1
餘,1
餝,1
餞,1
餡,1
餤,1
餬,1
餮,1
餽,1
餾,1
饂,1
饅,1
饉,1
饋,1
饌,1
饐,1
饑,1
饒,1
饕,1
馗,1
馘,1
馥,1
馭,1
馮,1
馼,1
駑,1
駘,1
駛,1
駝,1
駟,1
駢,1
駭,1
駮,1
駱,1
駲,1
駸,1
駻,1
騁,1
騅,1
騏,1
騙,1
騫,1
騷,1
騾,1
驀,1
驂,1
驃,1
驅,1
驍,1
驕,1
驗,1
驛,1
驟,1
驢,1
驤,1
驥,1
驩,1
驪,1
驫,1
骭,1
骰,1
骼,1
髀,1
髏,1
髑,1
髓,1
體,1
髞,1
髟,1
髢,1
髣,1
髦,1
髫,1
髮,1
髯,1
髱,1
髴,1
髷,1
髻,1
鬆,1
鬘,1
鬚,1
鬟,1
鬢,1
鬣,1
鬥,1
鬧,1
鬨,1
鬩,1
鬪,1
鬮,1
鬯,1
鬲,1
鬻,1
魃,1
魄,1
魍,1
魎,1
魏,1
魑,1
魘,1
魴,1
鮃,1
鮑,1
鮓,1
鮖,1
鮗,1
鮟,1
鮠,1
鮨,1
鮴,1
鮹,1
鯀,1
鯆,1
鯊,1
鯏,1
鯑,1
鯒,1
鯔,1
鯡,1
鯢,1
鯣,1
鯤,1
鯰,1
鯱,1
鯲,1
鯵,1
鰄,1
鰆,1
鰈,1
鰉,1
鰊,1
鰌,1
鰒,1
鰓,1
鰔,1
鰕,1
鰛,1
鰡,1
鰤,1
鰥,1
鰮,1
鰰,1
鰲,1
鰾,1
鱆,1
鱇,1
鱚,1
鱠,1
鱧,1
鱶,1
鱸,1
鳧,1
鳫,1
鳬,1
鳰,1
鴃,1
鴆,1
鴈,1
鴉,1
鴒,1
鴕,1
鴟,1
鴣,1
鴪,1
鴬,1
鴾,1
鴿,1
鵁,1
鵄,1
鵆,1
鵈,1
鵐,1
鵑,1
鵙,1
鵝,1
鵞,1
鵤,1
鵯,1
鵲,1
鵺,1
鶇,1
鶉,1
鶚,1
鶤,1
鶩,1
鶫,1
鶲,1
鶸,1
鶺,1
鶻,1
鷁,1
鷂,1
鷄,1
鷆,1
鷏,1
鷓,1
鷙,1
鷦,1
鷭,1
鷯,1
鷸,1
鷽,1
鸛,1
鸞,1
鹵,1
鹹,1
鹽,1
麁,1
麈,1
麋,1
麌,1
麑,1
麕,1
麝,1
麥,1
麩,1
麪,1
麭,1
麸,1
麼,1
麾,1
黌,1
黎,1
黏,1
黐,1
黔,1
默,1
黜,1
黝,1
點,1
黠,1
黥,1
黨,1
黯,1
黴,1
黶,1
黷,1
黹,1
黻,1
黼,1
黽,1
鼇,1
鼈,1
鼕,1
鼡,1
鼬,1
鼾,1
齊,1
齋,1
齎,1
齏,1
齒,1
齔,1
齟,1
齠,1
齡,1
齣,1
齦,1
齧,1
齪,1
齬,1
齲,1
齶,1
齷,1
龕,1
龜,1
龠,1