踏む	ふむ	to step on, to tread on	N4	1912a923-69e4-481f-8480-48bdfdae3224
～区	～く	~ district, ~ ward, ~ borough	N4	aad4550a-e38e-491c-811d-033930b0648a
すっと	すっと	straight, quickly	N4	9fd95553-2058-4b7b-acf9-08118b6a88b1
盗む	ぬすむ	to steal; to rob	N4	6f1164be-7e08-4e00-a1fb-df701ab41751
大抵	たいてい	generally, usually	N4	88b69953-6cfa-4feb-b0bf-444b6066d052
とうとう	とうとう	finally, at last	N4	7dd29409-8aba-44e9-8504-2340d73595ce
ガソリン	ガソリン	gasoline, petrol	N4	b7f64b76-aad1-419e-b960-56135aec7f9e
鳴る	なる	to sound, to ring (v.i.)	N4	982a928c-949c-4f14-989b-6e346c50e51b
しっかり	しっかり	firmly, steady	N4	4c9f8173-cbdd-4b3f-ab2b-cfd843f0ad38
生きる	いきる	to live	N4	db9f9550-bb43-4346-b023-414b05695d90
苦い	にがい	bitter	N4	4385c67f-e89b-4754-8865-0e368a31feaf
沸く	わく	to boil, to grow hot	N4	8969ce1b-632d-431e-8bb4-6b169a54074a
意見	いけん	opinion, view, idea	N4	c0e156b7-ad1e-48f2-b12e-a9b56a86e555
やはり; やっぱり	やはり; やっぱり	as I thought, absolutely	N4	1639d2ad-aea4-4598-b971-ffc45cc9402d
漫画	まんが	comic (book), cartoon	N4	9b739d7f-fd4d-46ec-a289-9c9bb6ab1d19
ステレオ	ステレオ	stereo	N4	b7c30aa8-ab92-4cf2-b5e2-ff66e0bd3502
医学	いがく	medical science	N4	77b207f4-c5f0-4516-beb7-99aa006a1528
テキスト	テキスト	text; text book	N4	475f164a-e7db-4558-acc3-3e3641143c7c
～月	～つき	month	N4	1158fa2f-028c-4b4e-a0f0-8033997c33f2
折る	おる	to snap, to break; to bend	N4	6afe2efa-3346-41d6-b4fa-d92738c60479
～会	～かい	~ meeting	N4	b87892d1-55d3-4cad-8a07-90208a36d7d1
うかがう	うかがう	to ask	N4	332135a4-0efb-49fa-86f1-252077631b64
聞こえる	きこえる	to be heard, to be audible	N4	5fad3df1-fa79-434a-9228-f6d51875b453
僕	ぼく	I (used by men towards those of equal or lower status)	N4	5a70017d-4a94-483c-b00d-153de804c66d
必ず	かならず	surely, certainly	N4	856355ce-09a0-4697-b160-0e3450449405
壊す	こわす	to break, to break down	N4	0ec2bafb-9311-4546-aa99-c66aaeac5817
怒る	おこる	to get angry; to scold angrily	N4	db87031e-52ee-4ac7-8376-0ce10c26cd25
床屋	とこや	barber's (shop)	N4	d7408222-7243-4579-841f-70a68e9e56e5
オートバイ	オートバイ	motorcycle (lit: auto-bi(ke))	N4	1814e8a3-8553-4463-b48b-a85a7452797b
運動	うんどうする	exercise	N4	d1eba4d6-62b5-4d14-83b1-14fb9b3b9821
止む	やむ	to cease, to stop	N4	a4b016a4-1b55-41da-8c4c-a9b57024a27f
もし	もし	if	N4	b7f5da23-93dd-406a-adb7-f23c611ce5b3
表	おもて	surface; front; outside	N4	318d1745-924c-466d-ad1d-3a4610b38154
大学生	だいがくせい	college student, university student	N4	9316739b-0143-425d-bb16-57e390fe8fa4
運転手	うんてんしゅ	driver (by occupation)	N4	6aa798c0-c957-4d59-862a-17115fe12ba3
予習	よしゅう	preparation of lessons (for class)	N4	b00ab616-ef22-4f0a-860a-866bb76c66be
心配	しんぱいする	worry, concern	N4	8d615cf3-6a32-4af7-aef4-0b3ff0687b1f
別	べつ	distinction, different	N4	ba924a88-04b7-4f61-a7f2-e7797894d390
非常に	ひじょうに	extremely; very	N4	32d476df-de4a-4c1f-b8b8-15d0d321f745
お宅	おたく	(someone else's) house; home -- polite word for 家 (いえ) --	N4	67b2e401-933d-4cc2-88ed-e76825118a5f
柔らかい	やわらかい	soft (in reference to texture), tender	N4	24e9eba0-4b48-44be-a83d-99835ec91d33
拾う	ひろう	to pick up (something), to find	N4	3592ea81-bc6f-4c9b-9d9b-276f515c7763
～ございます	～ございます	to be (polite), to exist	N4	cf30f910-79dd-4d53-9d7d-ffea4dab2303
気	き	spirit, mood	N4	004200e9-9e04-42cb-b602-26d24c3bf793
比べる	くらべる	to compare	N4	74279102-c3e9-4d86-96f6-e3b6a2d920c4
ほとんど	ほとんど	mostly, almost	N4	5689db01-2c46-4823-b94f-2ae265bb4a0c
つもり	つもり	intention, plan	N4	c2c60660-392b-4e77-af25-6096e6cc453c
郊外	こうがい	suburb, outskirts	N4	32d8f8d6-554a-4fd3-8566-7fea5c35759b
だめ	だめ	useless, no good, hopeless	N4	2eb8b0be-9f2b-47d7-810b-501b9da13c78
売り場	うりば	place where things are sold	N4	9ea69463-7271-40ee-91c4-f4d0d191a228
正月	しょうがつ	New Year, New Year's Day	N4	3b2994cb-0ea1-43ce-9ad0-56f6ce3fdab8
規則	きそく	rule, regulation	N4	0897e4d3-bd01-4226-ba6c-b59d3ae18308
うん	うん	yes (informal), all right (ok)	N4	41fdb736-74e5-4611-a226-e96d3f525c1c
発音	はつおん	pronunciation	N4	ae3e1019-49bf-4fee-9f60-1d30af7c1f80
焼く	やく	to bake, to grill	N4	ec06115d-d910-4bcc-8923-3a5e36b786fd
屋上	おくじょう	rooftop	N4	5d0e1e97-15f9-4fee-ac71-1de431e7bd7f
失礼	しつれい	discourtesy, impoliteness; Excuse me	N4	30f28254-4d21-4730-a232-33b5c0e8c768
ごみ	ごみ	trash, garbage	N4	b127b26c-23e0-4ea6-8575-f469784ef77e
アフリカ	アフリカ	Africa	N4	12ac0214-e3fb-4e58-b97d-d333c64fc94a
点	てん	mark, score, grade; point, dot	N4	307a3955-4f9d-4fe5-9ce4-adac8fd7f2f0
一生懸命	いっしょうけんめい	very hard (as in "to work hard"), with utmost effort	N4	cbf3f1f8-b4d7-41e4-aa45-a39a59db4c2a
今度	こんど	now, this time, near future, one of these days, next time	N4	7caad586-328f-4493-966f-b3b20fc5b011
機会	きかい	chance, opportunity	N4	7ea9a8fa-3556-4515-8d3b-a5634374ec8d
建てる	たてる	to build	N4	2957aa24-cda5-48db-9745-cd5f0227d669
複雑	ふくざつ	complexity, complication	N4	46e26d67-ef73-43a3-b327-f501abe8e980
彼	かれ	he, boyfriend	N4	89baa933-d64f-4dbf-ae5f-3b19381f68e6
いらっしゃる	いらっしゃる	-- honorific expression for いく, くる, and いる --	N4	96798ef3-6634-480a-8bb9-893b34ade1d8
布団	ふとん	futon	N4	7473e2b2-c986-4d88-9f8f-246d3494fcfe
大事	だいじ	important, valuable, serious matter	N4	a66537ec-9233-440b-ae6c-aa2a5a44e484
贈り物	おくりもの	a gift; a present	N4	11d41456-8e6a-415d-b2c2-d179abc5e0e9
泥棒	どろぼう	thief; burglar	N4	4d4a7bfe-98f6-42ef-932d-26e8f341579b
～製	～せい	made in ~	N4	7ba8a1b6-e937-48aa-acc5-952cd9865115
注意	ちゅうい	caution, attention	N4	0b0c1185-ff3d-4e18-b0f8-ad3a134ef235
台風	たいふう	typhoon	N4	eee2ab74-d448-4571-9051-0c0f2d996c98
日	ひ	sun, sunshine, day	N4	30077909-6d2e-4ec3-8f45-107acb451b40
～軒	～けん	counter for houses	N4	57e2d5b5-b5c9-4583-a3ae-04dc4106e39a
そう	そう	really, (is that) so; yes, right	N4	f182fb3e-9c20-4005-b9ab-da8f42fcff46
通る	とおる	to pass (by), to go through	N4	d2256cc7-2505-4fe5-8ed4-9c14d244f9c8
過ぎる	すぎる	to exceed, to go beyond	N4	39e745ed-8ca2-4870-b805-e48a042c250c
レポート; リポート	レポート; リポート	report	N4	2bd5f655-8a64-4aee-8f84-55b4f5b2cc80
葉	は	leaf	N4	f8b9959d-e38e-43f5-8cba-94745999f758
必要	ひつよう	necessary	N4	6aa0d01b-fdda-4941-b129-3191cd2dd2c5
課長	かちょう	section manager	N4	2c7adcfb-3f99-425c-9d1c-5fa5a4f22bcc
地震	じしん	earthquake	N4	0e4f743f-5280-47fb-8c7c-964f053e3d93
すると	すると	and, then	N4	a123d2e3-3b9e-47ca-a9c8-ed7c64d6c7f0
止める	やめる	to end, to stop	N4	a75ce509-d7ce-4f67-b917-4fca35730066
ガラス	ガラス	glass, pane	N4	eb55a595-e9a4-4ec1-b4bb-a6e24fca5c73
～学部	～がくぶ	department of a university	N4	7f7211d1-b811-4f41-9208-0e3d38284235
厳しい	きびしい	hard; rigorous; strict	N4	25480b68-7aae-4b24-9cb1-e08af314a53f
エスカレーター	エスカレーター	escalator	N4	c46af644-c0f3-4c86-9feb-73c16c6a36bc
人口	じんこう	population	N4	ea8ad7e4-d16b-4bae-a664-af38e0461ceb
月	つき	moon	N4	79a34e4b-e386-4409-983f-814be24d07e1
絹	きぬ	silk	N4	7c059c74-1252-40a8-bdcd-4d657ec9dee0
ちっとも	ちっとも	not at all (neg. verb)	N4	7ef7aa6c-f60f-4451-b865-d11877565d2a
深い	ふかい	deep, profound	N4	6c0cbc89-2def-478c-a9e3-5bbceb154035
壊れる	こわれる	to be broken, to break	N4	806c7d86-5bb5-4523-9dc8-76de3d580292
揺れる	ゆれる	to shake, to sway	N4	eaa2dd1e-4eed-4dae-92f1-d3d4cbac5d3c
落る	おちる	to fall, to drop	N4	b4fa5dd7-93f6-4971-800f-621d64fc4da1
できるだけ	できるだけ	if at all possible, as much as possible	N4	a7d21903-ad99-443e-b8e0-68246b05cc3a
悲しい	かなしい	sad, sorrowful	N4	0b862367-19e7-4db8-a142-0aa6c3ba0032
中学校	ちゅうがっこう	junior high school pupil	N4	64d5939d-f777-4f10-9ad8-5a95f808031e
ガス	ガス	gas	N4	8f55aa77-8c46-4350-809e-582474641d95
祈る	いのる	to pray; to wish	N4	97eff032-b9f1-48cc-a640-ccd62af53fc2
盛ん	さかん	prosperous, active, thriving	N4	51193f37-c468-435b-9ce2-d21349099dbc
アルバイト	アルバイト	part-time job	N4	37a5ce20-f166-4210-b263-d2f9d04e965f
起こす	おこす	to wake (someone) up	N4	65e2b8bd-25f3-45bd-86fb-fa9b5bf9a19c
致す	いたす	-- extra-modest expression for する --	N4	8f891d5a-baab-422c-b47a-380438b828e2
噛む	かむ	to bite, to chew	N4	ac035f91-a4a2-47f3-8401-2d1127332a4b
赤ちゃん	あかちゃん	baby, infant	N4	bbe42f58-314f-4c10-b5b2-3a3d35835cab
浅い	あさい	shallow, superficial	N4	9c1520a5-e292-4e2e-9201-1fd22770aabe
嘘	うそ	lie	N4	3a35d296-20b5-4ffc-b631-b44373c4ad21
小説	しょうせつ	novel	N4	8cec8f93-8e8a-4b63-9451-65743fcc9a50
親	おや	a parent	N4	0f570e9f-054d-4f26-874d-3cffac7b1bfb
それに	それに	moreover; besides	N4	329a95cb-e6d3-44ba-b6a7-f4e1ff1e65aa
西洋	せいよう	the West, Western countries	N4	e5beacbc-36a5-4f16-8e9e-e00fc17cff38
思う	おもう	to think, to feel	N4	02478525-32f8-448b-9c9e-06aec66c6206
パート (タイム)	パート (タイム)	part time (esp. female part time employees)	N4	d54ab608-06fd-42c7-869a-4cf79261b413
時代	じだい	age, period, epoch, era	N4	a49d8957-7805-45a6-8cab-ee73dd0545bc
申し上げる	もうしあげる	(humble)to say, to tell	N4	457e0952-defa-44e1-b215-a030e9d245dc
～式	～しき	~ ceremony; ~ style	N4	e5f37035-0779-470b-b6e5-fef0c5f569fb
出席	しゅっせきする	attendance	N4	105c7eb2-5633-4577-ba00-3d50b06308e7
～家	～か	person who is specialized in ~	N4	77e8bce0-317d-481f-b50b-135c528def77
迎える	むかえる	to welcome; to meet; to greet	N4	c06b47c8-8182-4756-a91e-5a957ddcbfae
触る	さわる	to touch, to feel	N4	ba799e32-e76c-4e9a-b1f4-f3cf4e95319c
建て	～だて	~ storied, separate housing	N4	2a11aebe-b450-4afe-8b98-52cde7884700
社長	しゃちょう	president of a company	N4	63ca8a73-6c62-4404-a2d1-dfb5b06f9136
動物園	どうぶつえん	zoo	N4	ad7d123d-60b0-4ee5-b7d8-5fb2f954543f
捕まえる	つかまえる	to catch, to arrest	N4	b9e043e6-bc56-474a-bc43-fc2076fb4acf
季節	きせつ	season (in reference to weather)	N4	45b84dff-13a3-41b4-a22e-09093490e6d9
寄る	よる	to stop by	N4	ccdb8c1a-ab05-48ce-9716-447a2e1a018c
決まる	きまる	to be set; fixed (v.i.)	N4	8e6bb7f4-c9ae-461d-9e92-caf1ebc8a4e8
開く	ひらく	to open; to hold (an event)	N4	a4db9112-c4c5-431d-8cd6-6cdfb1690f33
逃げる	にげる	to escape, to run away	N4	fabb7c3f-0ed2-43bf-942f-1c5105f7eeed
だから	だから	so; therefore	N4	7b3ebdf2-67a9-4264-b7f2-f56b89ef3dec
残念	ざんねん	regret; regrettable	N4	11516484-91e5-49b6-9d01-0cde3838635e
畳	たたみ	tatami mat (Japanese straw mat)	N4	ca73b582-59d5-42e1-acae-3ce77c5ee8a2
丁寧	ていねい	polite, courteous, careful	N4	ccea1f13-197b-470e-ae3f-7f332d520898
地理	ちり	geography	N4	1f61f989-c878-4d73-b506-bd3586e42c79
さっき	さっき	a little while ago	N4	45f6c0b0-b671-4179-a980-ba02bf145ddb
怖い	こわい	scary, frightening	N4	ad3068bb-1e26-41ad-9f49-be94960edcc0
包む	つつむ	to wrap, to cover	N4	ef6389f1-113e-4212-94b5-c3fdc4437b93
なるべく	なるべく	if possible, as much as possible	N4	18c33a56-a8ac-4bbe-984a-5faa3ec7a56c
無理	むり	unreasonable, impossible	N4	cc58d135-75ff-4813-8348-5b0a0138fe7e
サンドイッチ	サンドイッチ	sandwich	N4	c0bbcb47-f00a-4490-8aa2-2ebaeb5006c8
会議室	かいぎしつ	conference room	N4	e757c4db-9cb6-4d89-a153-8921af2b1019
品物	しなもの	goods	N4	7c4ee653-dcca-459d-b47d-8f295fb864f9
人形	にんぎょう	doll, figure	N4	11609aa1-083a-4837-973f-6df8b1dd4374
利用	りよう	use, utilization	N4	9e424c3e-59cb-407c-923c-f6c032884532
飾る	かざる	to decorate, to adorn	N4	fdb0c15d-2bb8-490f-a9d0-2362e0c924ed
止める	とめる	to stop (something)	N4	cb4a16fe-7d9d-4ec2-9913-cc751ac4723c
恥ずかしい	はずかしい	ashamed, embarrassed	N4	1734a86a-7ead-4172-99e3-d33490ff88e6
いくら～ても	いくら～ても	however much one may ~	N4	fc223b24-a210-4374-b66d-ec68bc54a088
用事	ようじ	business to take care of; tasks; errands	N4	841d5409-8450-41a1-a1c9-a254983f3df4
ビル	ビル	(abbr.) building	N4	b6d1d3ae-b594-4b4b-ba6a-0247402f2d28
けんかする	けんかする	quarrel	N4	efa6369f-7729-47f9-9d8e-d68ff5a43230
頑張る	がんばる	to try one's best, to try hard, to persist	N4	2d2c9279-4adf-424f-8052-0ec46ebe7893
投げる	なげる	to pitch, to cast away	N4	d70ab442-cde9-4044-bbaf-791ad07033ea
故障	こしょうする	breakdown	N4	c6f25273-e9a3-4f8e-9208-eb4e0c38dc45
力	ちから	strength, power	N4	a0e1c078-6288-46f6-bb6d-8f79c0a0a23c
受ける	うける	to take (an examination, interview, etc.); to receive	N4	f9a7dc4a-665d-48cb-81a1-2211c1b28976
気分	きぶん	feeling, mood	N4	896eda5b-c34b-40e5-9081-f4df3867987f
間違える	まちがえる	to make a mistake	N4	5966fb1b-8242-4d86-83b8-8135d742a4b8
そんな	そんな	such, like that, that sort of	N4	bbd38adc-f926-4417-9b24-843d57a924d1
星	ほし	star	N4	f8a2768c-53e6-4e79-a81f-282cb3db6414
場合	ばあい	case, situation	N4	a5d0a6e7-ae98-4314-9d1e-7d7ae8da6966
やっと	やっと	at last, finally	N4	819c6c36-0d06-42b3-8aea-1e2842702db2
足りる	たりる	to be sufficient; to be enough	N4	1f79913f-d533-46fc-9adb-7960778a05d5
行う	おこなう	to carry out; to conduct (typically used in written language)	N4	cf334f1e-bbfb-4e22-a483-b83bb38c631f
ぶどう	ぶどう	grapes	N4	2e1e3b07-d2ed-46a7-b574-715c161ec987
無くなる	なくなる	to disappear, to get lost	N4	ad07f25b-3b15-45a8-83f1-8877a4019eb5
準備	じゅんびする	prepare	N4	572d9612-9d1c-4a7a-9807-640ddb9d6279
世界	せかい	world	N4	9bd683e3-7a62-43ef-9318-004bbc5b36b7
住所	じゅうしょ	address; place of residence	N4	8189fc28-7434-437a-a4f4-ee0ab3edb4e6
再来月	さらいげつ	the month after next	N4	4488cd9e-d298-4d57-acd0-3206d45f99cb
林	はやし	woods, forest	N4	e921294f-f6b6-4d78-8deb-8a30c4c06e9f
倍	ばい	double	N4	dee3905b-11b8-4fee-9251-56c8787179df
痩せる	やせる	to lose weight	N4	0fb3eba6-248a-4a12-9f1f-1c6299743974
線	せん	line, wire	N4	be7674d2-95f9-43a6-bda7-910470e9f12c
戦争	せんそう	war	N4	c48097ed-17d3-4096-816c-f66e08cf141f
決める	きめる	to decide (v.t.)	N4	7d90a3ea-1065-4c24-95fe-12938c1bc149
調べる	しらべる	to check; to look up; to inquire; to search	N4	3b6cf651-01d9-4cab-baa6-8baf3d1481eb
寝坊	ねぼう	sleeping in late	N4	bd17904b-da42-42af-b92a-fbe15b326ab4
パパ	パパ	papa, daddy	N4	b9491eb4-35d2-4074-aaea-4f344b6ede85
光る	ひかる	to shine, to glitter	N4	a2043a3d-fd74-47ea-b5ed-2a5e0b8be443
夫	おっと	husband	N4	cab008f1-3078-4aa5-9d35-aa022ced80d1
雲	くも	cloud	N4	56ed62e1-3784-49db-bf92-4197e76ab5f2
坂	さか	slope, hill	N4	f5583599-7550-4590-a6d8-c030caf1eee8
～(て) しまう	～(て) しまう	to end up ~	N4	96956594-f3dc-40c9-9dd6-579d31bdfd4c
飛行場	ひこうじょう	airport	N4	ad6bca95-db16-4985-81fd-9a9312e81601
柔道	じゅうどう	judo	N4	6df7c370-bf1f-49be-811b-36a3d024d94b
決して	けっして	never	N4	146b3fc6-cce3-4b2f-9ecc-16d4ec52d26d
事務所	じむしょ	office	N4	1bbff6d2-5245-4c3e-b3e3-ee45e9d57952
連絡	れんらく	communication, contact, connection	N4	4b75c3ca-8c82-403b-adb3-8f66c49d7cb6
小学校	しょうがっこう	elementary school	N4	4028b4a7-8e69-47a3-a637-4b6ab2bb8c38
客	きゃく	guest, customer	N4	6c7741d8-cd9e-407c-9405-d6f5f881b8d4
昔	むかし	old days; past	N4	40075791-b9f5-43d7-b4b5-933b0eeeeeed
美しい	うつくしい	beautiful, lovely	N4	1ab50d9e-8fbc-4f27-aa69-fedeff4157a4
捨てる	すてる	throw away (trash), dump, discard	N4	8f3363e4-e11d-4f59-b4f5-23631a4ce2ef
なさる	なさる	-- honorific expression for する --	N4	160ebf58-586d-4e46-b19f-4e266cb32d45
事	こと	thing(s), matter(s), fact	N4	28b5bef6-7315-49ba-8073-8a615bac1b1c
どんどん	どんどん	quickly and steadily; at a rapid pace	N4	f5505db3-d430-4641-857e-7f0f193d3769
試合	しあい	match, game, competition	N4	a93d4f2f-c2a7-4de1-bbd3-16cb20b9f45f
適当	てきとう	fitness, suitability	N4	7acc89d1-4bb4-4cf1-8357-87ca7346d121
素晴らしい	すばらしい	wonderful; terrific	N4	76cd9d84-bb81-4da5-9cf6-d01f4e704513
美術館	びじゅつかん	art gallery, art museum	N4	d719f18b-1088-4dfb-94e7-d1729d5c421b
文法	ぶんぽう	grammar	N4	a376438b-2f87-4291-b8ab-6afbe56efd3f
終わり	おわり	end	N4	2cb2c87e-ede1-40a1-8850-2d5cfda29c3c
壁	かべ	wall	N4	fc006b97-a104-461e-b2b2-4f7c54084f0a
一度	いちど	once, one time	N4	92588ef0-adc6-4cc6-9b12-0e0eb2cbbacc
お礼	おれい	expression of gratitude; thanking; gift of appreciation; bow	N4	6d3ce2c8-045d-46a3-8c72-3a2c68990c28
親切	しんせつ	kindness	N4	eebff723-1d39-48c1-a72e-616be3b07572
知らせる	しらせる	to notify	N4	18454409-5635-4d8b-aa03-ee4767d29428
歯医者	はいしゃ	dentist	N4	d1f18010-14fc-442a-84f4-3f4e8958bd0b
熱心	ねっしん	enthusiasm	N4	150d2d64-ca1c-453f-992e-d15f28c29f61
始める	はじめる	to start, to begin	N4	5649a14f-85e8-486d-9740-e56dd023cbfb
もらう	もらう	to receive	N4	ede42f67-f0e1-431a-8ec6-d3b69ef8b568
泣く	なく	to cry	N4	8e9ad50e-fa16-4f54-80fe-a127dec7a6bc
治る	なおる	to get better; to recover from illness (v.i.)	N4	23cba827-7d9b-46e2-8e6e-0826bb8f32ca
熱	ねつ	fever, temperature	N4	399ee186-12d5-42a9-9518-9daaf842811c
お祭り	おまつり	festival	N4	ba1aa6a5-e0a9-4700-b0b1-94cd86fd21bc
水道	すいどう	water service, water line	N4	28dbadfe-8669-430a-90ad-dbe335ff79a1
匂い	におい	odor, smell	N4	32cfeff4-2ccc-4a4c-ba62-9fd8f98d00e8
ベル	ベル	bell	N4	0ce94468-fd02-494c-bedf-e741b9c49235
赤ん坊	あかんぼう	baby	N4	db5cb54a-1369-43fc-901c-5921470bd402
おかしい	おかしい	strange; odd; funny	N4	31c9a88d-f61c-4cc9-a8b1-9723fda4c1ff
事故	じこ	accident	N4	74be4243-df99-4b78-a66f-27488ba3e8f1
変	へん	strange, odd	N4	2874ff42-7058-4b20-98c8-d9c4104f6873
辞典	じてん	encyclopedia, reference book	N4	e2822e5d-d683-47e3-a7a2-4c8434e4ba8d
残る	のこる	to remain (v.i.), to be left	N4	37b0ccfa-054f-4556-9918-55be88ee8f01
立てる	たてる	to stand (something) up, to erect (something)	N4	54801063-d5c9-4ecc-a00e-84a33dfb5711
くれる	くれる	to give, to do for	N4	d74645b0-1cf7-4a9c-913a-0c28acd6378a
～員	～いん	member of ~	N4	67040b94-e328-451a-94b3-e460c7205d8c
原因	げんいん	cause, origin, source	N4	2d0ee0a0-818f-48b6-ab1f-ff3719f620b6
驚く	おどろく	to be surprised, to be astonished	N4	190e4f12-737e-4dfa-8727-c7e204a6e3c0
いただく	頂く	-- extra-modest expression for たべる and のむ; humble expression for もらう --	N4	a8227553-eb8f-460b-8e47-7a0f34d81356
祖母	そぼ	grandmother	N4	8d6b4d6c-3f24-4c61-8edd-409837e16548
場所	ばしょ	place, location	N4	e9c79cd7-fda2-45d6-9227-86142751c7dd
答	こたえ	answer, response	N4	a1bc3038-8fb9-47ee-a419-8d4a6b6dd1b0
もちろん	もちろん	certainly, of course	N4	ebcb4486-25f4-4bdf-94aa-a0ecdd62ecd4
漬ける	つける	to soak, to moisten, to pickle	N4	e7ca8f52-5b14-43e6-9a60-e84698e58bc2
受付	うけつけ	reception(ist) desk	N4	76e712ab-ba3f-47ac-9cd2-718ac02839a1
内	うち	within, inside	N4	57f8e692-5b3e-48c0-aad4-5455f9de5822
スクリーン	スクリーン	screen	N4	3fab43f9-e96e-4b42-8f12-c08f28d524e9
増える	ふえる	to increase, to multiply	N4	3b8bdbef-e884-4d80-b05b-e07e1edc864b
または	または	or, otherwise	N4	11b04c2a-e43e-4d67-a386-af066068747c
けがする	けがする	injury (to animate object), hurt	N4	36844cd8-71c6-4fdb-a4ad-1d61a4b5c8ad
以下	いか	less than, below	N4	5e435b3f-84ec-4640-99b9-6db1fd3a9a6a
選ぶ	えらぶ	to choose; to select	N4	d267a22d-9334-4f8a-bc5b-bfbdb717be04
～ばかり	～ばかり	just did ~, only	N4	2f0f1bd1-b83a-4175-a547-65f03393394b
心	こころ	heart, mind	N4	c4c59d1f-85c5-45c1-9e5c-13d04a41b026
～だす	～だす	to start doing ~	N4	e422805b-9107-41f7-aabe-748eb6029196
サラダ	サラダ	salad	N4	7a4df458-0e77-4fe2-b0bb-21fad5afc8d6
届ける	とどける	to deliver (v.t.)	N4	cfb894b4-86cc-454f-a246-e04acc28dec7
挨拶	あいさつする	greet(ing)	N4	f9d8ec15-cb07-49db-b6b6-2a4a8a16d37e
景色	けしき	scenery, landscape	N4	ad9ad5d9-09b6-4cbb-b126-938a18471260
確か	たしか	if I remember correctly; certain, definite	N4	a952762f-ca4e-4bd3-ad7c-7b30824babe3
ステーキ	ステーキ	steak	N4	ba335eb0-06d3-4cd0-a57f-381ada0deee2
食料品	しょくりょうひん	foodstuff, groceries	N4	d0c5ab00-8d43-4c60-b854-3bb5788bf834
森	もり	forest	N4	2a6bb509-5802-4817-86e7-d8b0cffd3727
以内	いない	within, less (no more) than	N4	dc4184fe-5959-4501-90c4-4b62cbfd770d
予定	よてい	plans, arrangement, schedule	N4	7508f9b4-2ca5-49d6-b91f-c84ae9f95254
オーバー	オーバー	overcoat; over, exceeding, exaggeration	N4	c4cafa09-4a04-46c7-8542-6a9b689769cb
乾く	かわく	to get dry	N4	3b217744-8bca-4a52-925f-9ed6f669e8a6
石	いし	stone	N4	0f4428c5-db58-430f-bbed-0d39c03bf00e
思い出す	おもいだす	to recall, to remember	N4	826f0e84-5cfe-4845-96ea-85f532d9ce4f
踊る	おどる	to dance	N4	aa73b6ce-7046-429a-82ca-8cbd503d0606
細かい	こまかい	small; fine, minute	N4	26d38eca-add3-4044-abd0-92616a6558f8
塗る	ぬる	to paint, to plaster	N4	02b90dae-856e-4c37-8fc2-9a21b858a53c
ご主人	ごしゅじん	(your, her) husband	N4	d6cfe62e-0ba0-417a-ade8-cb524c1251eb
珍しい	めずらしい	unusual, rare	N4	0a127896-05a4-4a4c-a7de-174a49d7ca20
用	よう	errand, task, business (to take care of)	N4	61de5d85-49f0-4448-9334-a08087d7a345
公務員	こうむいん	government worker, public servant	N4	14300d82-5fee-4011-8d82-db189711669c
お嬢さん	おじょうさん	(someone's) daughter (polite)	N4	56e97b3c-eb3c-460e-9c1b-4741a74577f1
用意	ようい	preparation	N4	ce648f5f-671d-4b71-b7ac-cdc01e0e5292
探す	さがす	to search, to seek, to look for	N4	252a34e7-ffb1-4085-97ba-a835e316fc6c
形	かたち	shape	N4	cd0a789d-faf0-48bf-af1f-6c9bf1f6b3b7
運転	うんてんする	driving	N4	78c2d99d-15a0-4890-b2a1-79bf38c4248d
すっかり	すっかり	all, completely	N4	eca8618c-415a-489a-9538-9f7a2230f9be
アナウンサー	アナウンサー	announcer	N4	e1cae023-59f6-4a1f-9145-e2b53cfda3e4
お土産	おみやげ	souvenir	N4	aa04398c-3dd3-4208-9eac-7afe21a22012
消しゴム	けしゴム	eraser	N4	af8589ef-1932-4dbc-9303-21ac993528cb
旅館	りょかん	a Japanese inn	N4	26806fc9-5d7f-4746-a294-47f63703b00a
海岸	かいがん	coast, seashore	N4	49c7bec2-5c99-46d9-8fa6-e26ff34ba145
寂しい	さびしい	lonely, lonesome	N4	adbe0920-100a-40c9-b044-93930524ba1e
火	ひ	fire	N4	4072de7b-863c-45b1-9dcf-57e86a4e275f
育てる	そだてる	to raise (v.t.); to bring up	N4	e3234e8a-baba-48d5-bc87-846ae198e68c
味噌	みそ	miso, bean paste	N4	f965cdcb-4da8-49ab-87f8-92a8162cb9cd
お祝い	おいわい	congratulation, celebration	N4	f7ec6652-8884-4b30-9c97-da0234e71fa7
乗り物	のりもの	vehicle	N4	f8e16d30-0e36-4170-ab9d-8b8560e83429
案内	あんないする	information, guidance	N4	7cd9b576-f757-436f-8554-c30b47e9af37
通う	かよう	to go back and forth; to commute	N4	44fb57d8-83ff-4201-bb2a-25cb14570ea9
連れる	つれる	to lead, to take (a person)	N4	1f7e43fc-f3ed-4bb2-a7ad-f9adf5b6f8d0
技術	ぎじゅつ	technique, technology, skill	N4	0fd0fa8f-2d8b-42de-ac52-b024a48fb7a5
小鳥	ことり	small bird	N4	35a04321-645f-4dbd-8825-d1b866edc5d7
下宿	げしゅく	lodging, boarding house	N4	e66f09b3-d6f6-48cf-b31a-2f4e302fb32e
ジャム	ジャム	jam	N4	a967a3bb-7a78-4a55-a431-2cf6c0abae29
招待	しょうたいする	invitation	N4	96831d1c-6060-4949-8c2d-06dc762debad
鏡	かがみ	mirror	N4	ec11fd98-6cf6-4c65-8174-76509ef4d1b5
はず	はず	it should be so	N4	41ca6a28-c521-40ea-bc53-518f439064da
法律	ほうりつ	law	N4	273d8c76-5900-4529-8f48-a7b37b2555ae
進む	すすむ	to advance, to proceed	N4	85e9e8b2-3274-4f2f-93a9-e8ab793f8667
楽む	たのしむ	to enjoy	N4	efee6114-dff0-4064-8e1f-77f80c9df65d
貿易	ぼうえき	trade	N4	37f8a179-df57-4dc6-8deb-d2fa61c19096
反対	はんたい	oppose, opposition, resistance	N4	d6eae707-202d-48f7-9bca-f90e446e299f
おる	おる	-- extra-modest expression for いる --	N4	96ee2dc7-a557-4882-9609-2b6b678e5100
申す	もうす	-- extra-modest (humble) expression for 言う (いう) --	N4	331a6743-b5a0-4621-abb9-dda1806da532
試験	しけん	an exam	N4	c0e88b08-cd53-447b-8e03-f8c9157881ff
真面目	まじめ	diligent, serious	N4	28d2390e-f270-4147-a6a9-e0b19bc4185b
ごらんになる		-- honorific expression for みる --	N4	779253e6-4e98-4e1c-8272-c212bd4ca055
店員	てんいん	clerk; shop-employee	N4	305d5468-5f58-4d9c-93e3-dabd0bb80368
泊まる	とまる	to stay (over night) (v.i.)	N4	9178b2ba-c973-47a2-974f-8b8ee12dd549
よろしい	よろしい	(hon.) good, OK, all right	N4	0d92d2d9-b57b-4c45-8776-7e6e91c457c8
今夜	こんや	this evening, tonight	N4	d67c4c16-46ce-47f9-a06b-dc29f4a771c4
おつり	おつり	change; balance of money returned to the purchaser	N4	350da69a-b961-4ae4-9a52-0fb38e6c5aa2
チェックする	チェックする	check	N4	f19a89f6-ff9b-4577-9b6b-a801f78e788c
会話	かいわ	conversation	N4	f0032ee6-9c7d-4d17-8a27-ca6e187d897c
空気	くうき	air, atmosphere	N4	288c1d18-1c70-4687-bfef-8858efb14f81
交通	こうつう	traffic, transportation	N4	469db1ec-5460-4869-8b6e-bbcc37e32da1
ワープロ	ワープロ	word processor	N4	4ef8f57f-f6d5-41d1-8648-ecacffeaef73
喜ぶ	よろこぶ	to rejoice, to be delighted, to be glad	N4	fae0c303-13c3-464b-a688-f9364caec9ec
急行	きゅうこう	express train or bus	N4	36601e69-8e7c-4382-8ce8-bd1dd54674c7
皆	みな	everyone	N4	c471dd5a-6f5b-4e2a-a1ba-4042ff14ff7f
味	あじ	flavor, taste	N4	c818ffb9-601b-44da-bc2d-bd38ca971681
空港	くうこう	airport	N4	cd8e0b5e-cec3-4f72-9f26-42032380f2d0
手袋	てぶくろ	glove(s)	N4	698064b8-2dca-4cf1-b611-6724af5f9dd6
校長	こうちょう	principal, headmaster	N4	01dcf7ac-8ed5-42f9-b716-af707acca832
ごちそう	ごちそう	feast, treating (someone)	N4	239285f2-24fd-483e-8cb7-749065b5bc2c
踊り	おどり	dance	N4	3db9bec8-e63e-4a6f-a295-65e568cba252
興味	きょうみ	interest (in something)	N4	92935cdd-bc9c-492f-a7b9-1fd527374bb4
引っ越す	ひっこす	to move to a new place of residence	N4	774daeba-d221-4d38-a660-074cc491fd3c
冷房	れいぼう	cooling, air conditioning	N4	519eb361-c2fb-490e-9fcc-ca7f51a2f6ef
都合	つごう	circumstances, convenience	N4	25d0c8e6-af4b-4231-80c6-bdfadbc5fde7
遠慮	えんりょする	restraint, reserve, hesitate	N4	5c03889b-ce5f-4bb0-a2eb-cfad3aa30d47
亡くなる	なくなる	to pass away	N4	5555ef4d-873b-43ef-8370-642d759ca89d
科学	かがく	science	N4	18459636-1bfe-4b11-8836-39986aa903ac
はっきり	はっきり	clearly, distinctly	N4	e74e50ca-e027-4182-b182-c7ae63ca31a5
差し上げる	さしあげる	-- humble expression for あげる --	N4	5bbe558c-00f4-42f4-9530-164b5f3ea9bc
気持ち	きもち	feeling, sensation, mood	N4	33c98631-be5b-4b77-af78-32ef1533d733
祖父	そふ	grandfather	N4	6f8187a5-6d8d-4212-9afb-98a19886b891
港	みなと	harbor, port	N4	7919fb5d-a5ae-44c7-b768-69fe66b2081b
予約	よやく	reservation	N4	d060fd48-2b55-4164-bb2a-4d6ef1db05d6
凄い	すごい	terrific, great	N4	e8b5f248-b554-4da6-8443-644f75a1229c
入学	にゅうがくする	entry to school or university	N4	442c450f-f6bb-447e-9bd6-15568b966bb9
片付ける	かたづける	to (clean) tidy up (v.t.), to put away	N4	6a7c851b-f026-4b43-b388-e8e4215bc520
写す	うつす	to copy (v.t.); to photograph	N4	83f72006-f602-4dfe-82dd-296975883228
パソコン	パソコン	(personal) computer	N4	78accf0d-8f5b-4be8-800c-187a39957968
部長	ぶちょう	department (division) manager	N4	2f36216c-87e2-4ee2-a195-f97bf9c4854f
火事	かじ	fire	N4	b304726b-8c2a-4b8e-ba5c-bbd6834d91e9
足す	たす	to add (numbers)	N4	002692af-ef2a-4451-abfc-832083f8543d
教会	きょうかい	church	N4	57a0d094-6867-4ff3-9f83-ff67b8a7cfd5
彼ら	かれら	they (usually male)	N4	3c99e0a1-d721-47e2-ab02-f033fb97829b
一杯	いっぱい	full, to the utmost	N4	0cc17c41-951a-46b2-b21c-0633d3554d23
アメリカ	アメリカ	America, U.S.A.	N4	bd9b5222-95c9-4d40-870a-2d8a163a65b4
男性	だんせい	man; male	N4	433c1e9e-e042-4cf3-b8e7-0321ae771f62
理由	りゆう	reason	N4	1b4a598a-55cd-4d4a-9eb1-8f884c3d78b1
生産	せいさんする	production; to produce	N4	723e1049-4424-44da-b445-e7f153e5c621
着物	きもの	kimono; Japanese traditional dress	N4	088d3d3c-e182-4480-b2b9-8f925e9b3b7e
おもちゃ	おもちゃ	a toy	N4	c26db3d2-dd4f-4aad-98b4-f254c04a5fc2
暮れる	くれる	to get dark, to come to an end	N4	7a5ff124-d82f-4686-b030-2538bb7da4cd
釣る	つる	to fish	N4	c1d68c5f-7615-4cdc-bf0b-f2d302e8d1dc
～ちゃん	～ちゃん	suffix for familiar (female) person	N4	86511eac-d735-4ba8-a8b1-d57fa1359dc4
打つ	うつ	to hit, to strike	N4	4a8943ec-86c5-4eaa-a476-37c6d6912380
あんな	あんな	such, like that	N4	237b1469-ba07-46d7-a9d6-77ecc4e4208c
謝る	あやまる	to apologize	N4	c43c8f7d-fec3-4f74-9f13-5f5552a5b6d0
昼間	ひるま	daytime, during the day	N4	267749e3-f70d-413b-b575-407f251b7fb6
教育	きょういく	education	N4	ea888aec-6fc7-4c1c-ba5e-65243bb19b52
女性	じょせい	woman	N4	ea6371e8-925b-475d-bedb-4ca4d2489065
米	こめ	uncooked rice	N4	7d245348-bc2b-4889-ae55-e33275bd7892
邪魔	じゃま	hindrance, intrusion	N4	47794a7a-61af-4881-bd03-3e2b56f2c83d
国際	こくさい	international	N4	6df1f30e-b9cb-4228-865c-2a40af2fda7b
隅	すみ	corner	N4	dbf52ca7-2c3a-45d7-9071-761c7817551a
伺う	うかがう	humble form of 行く (いく), 聞く (きく) and 来る (くる)	N4	e0082deb-8585-41ba-9ba9-20f10e6746ce
再来週	さらいしゅう	the week after next	N4	ec7e0436-b270-4e5f-a700-2e4c2e7d0e13
夢	ゆめ	a dream	N4	f806de19-4e6b-4d0a-bcde-b0de55d5090a
喉	のど	throat	N4	1ff4dfe5-4f46-4cb6-8dfa-e4594bd5ab2d
最近	さいきん	recently, nowadays, in recent years, most recent, latest	N4	ac543905-bbeb-4eb9-a9fd-8acedff1444c
周り	まわり	surroundings	N4	5eba17ce-4376-4f92-b228-4d883c2fa6de
歴史	れきし	history	N4	c45bcd55-535c-4d9a-ae8c-ee83c69f418d
不便	ふべん	inconvenience	N4	40ad1ae2-40c4-4064-9118-1aa79b75e2d8
血	ち	blood	N4	372c1f56-3a06-4116-9f18-2b4f47d04766
～続ける	～つづける	to continue doing ~	N4	fa495f61-a4a3-424a-b09f-080998c378ec
毛	け	hair, fur	N4	04c96e34-3ecd-432e-923e-95e7db468fd6
ひどい	ひどい	terrible, awful, unfair, cruel	N4	3ffed6d5-95dd-4afe-adfb-e7604b20485f
例えば	たとえば	for example, e.g.	N4	afa08734-0483-435f-9cc2-0f98d4428f22
中々	なかなか	very, considerably, quite	N4	00972968-137a-411f-94fd-920ce606267b
随分	ずいぶん	extremely	N4	a6d0dd97-8b77-4a66-9af6-07d5df6f97eb
～やすい	～やすい	easy to do ~	N4	206e5d30-e958-4d5d-83cf-0f7aed860667
押し入れ	おしいれ	closet	N4	e0341428-328c-4597-8302-e05ae07a5efa
電灯	でんとう	electric light	N4	a26565eb-9eda-4882-9566-4518592fe09d
叱る	しかる	to scold	N4	f8e60e54-d32b-4f0f-bec2-e2a4bb24bee6
サンダル	サンダル	sandal	N4	297d55b5-9d43-4644-b30c-84867b107eb2
びっくりする	びっくりする	to be surprised	N4	1acf2729-b140-445a-aac1-b4b628839022
うまい	うまい	delicious; skillful; fortunate	N4	4eaebca7-5064-4e06-8b50-dd6fa3c4c73c
変える	かえる	to change, to alter, to vary	N4	ddf34bb5-e8f3-4d8c-95a4-f1db4ae902e4
講堂	こうどう	auditorium	N4	5e4f7540-3e29-4366-b6af-17651acef62a
子	こ	child	N4	d9c7057f-1ef3-4960-9b28-88e7ac58599f
沸かす	わかす	to boil	N4	e63bcc79-d293-4b23-8b53-161b95bde6ce
レジ	レジ	register	N4	d21367d7-98c4-4533-982e-54adc62da7a5
しばらく	しばらく	little while	N4	04a2aaa7-8532-4230-a27d-66f3d356772c
特に	とくに	particularly	N4	4c89dca5-59e6-4236-ada7-2da976c6b3fa
空く	あく	to open, to become empty (vacant)	N4	e0b8d887-e9d7-46e5-80db-9a4df0c78e42
計画	けいかくする	plan, project, schedule	N4	23888856-1b49-4a44-8a71-89c0f5598c94
通り	とおり	~ Street, ~ Avenue	N4	6efe12d1-3ddf-4eb1-8a57-53d1b6035865
下着	したぎ	underwear	N4	364b2c81-c135-4f6b-8356-9d51e6d07df2
経済	けいざい	economics, finance, economy	N4	c696a094-3c3e-481d-92b7-eeff0d0a60c6
こう	こう	like this, this way	N4	34d34cf1-3efc-45af-afef-eef45b45bbcd
是非	ぜひ	certainly, by all means; without fail	N4	1bac39bc-71d9-4b95-a005-9b98c0445d64
裏	うら	reverse side, back	N4	25e1b369-b888-493c-a87e-14168c6cecaf
為	ため	good, advantage, in order to	N4	86fa8deb-9cb1-43a9-a3d8-cb78843b8cda
おいでになる	おいでになる	(hon.) to be	N4	8d39565d-f5d1-4a86-8928-e0057c611a65
変わる	かわる	to change (v.i.), to be transformed, to vary	N4	35bf65d6-e9b2-4152-b454-a2e5dc1e6c1b
以外	いがい	other than, with the exception of, excepting	N4	527a6502-0ef2-4c99-9990-0d24eb4e21ef
済む	すむ	to finish, to end	N4	b401fa2a-d564-430e-aff6-62f2877686df
ハンバーグ	ハンバーグ	hamburger steak	N4	d9784a66-7ff3-48af-8f03-72df986c4c2e
市	し	city	N4	61b90171-b3bd-4d24-b486-117f53f1ec5f
引き出し	ひきだし	drawer	N4	1dda81d8-53fd-4b85-9e95-760dd110bccb
遊び	あそび	play	N4	6494d99a-2698-4eec-8a2a-082df349345d
支度	したくする	preparation	N4	68c8c24b-2a56-4a1e-ac62-2e4ae699d8cd
～始める	～はじめる	to start doing ~	N4	77aa1d92-f940-46c1-8cc6-cc6c90876c81
見える	みえる	to be visible; -- polite verb meaning 来る (くる) --	N4	baf5fdb7-be69-431b-9220-bc850e408689
十分	じゅうぶん	enough	N4	4609ba58-68bd-4725-8f75-2649b06a14f2
音	おと	sound, note	N4	51c674a6-e422-4447-98b5-6817d49fde5c
きっと	きっと	surely, definitely, undoubtedly, certainly	N4	aa4e0cd1-5b91-4950-a61f-e6de98665259
まず	まず	first (of all), to start with	N4	e5b5cd72-0e17-40cb-9f36-65928123391c
遠く	とおく	far away, distant	N4	2f4d6f9d-bef2-4e27-b9c0-55ea6fd63495
大体	だいたい	approximately; in most cases; in general; to begin with (same as もともと)	N4	e7958991-4cdb-44f1-a700-0abe44fe75a2
折れる	おれる	to break, to be folded, to give in; to turn (a corner)	N4	c0417146-28cf-4e98-8561-61c71947f15d
正しい	ただしい	correct	N4	971ca128-b97f-43b5-bc32-fade97dd2b19
輸入	ゆにゅう	import	N4	ce484625-332b-4586-8205-ca08eb14d7f7
返事	へんじ	reply, answer	N4	079bb25e-be52-410a-90c2-3c7e1a306843
都	と	metropolitan	N4	841d8c76-ef61-409e-a67a-333048c8e852
産業	さんぎょう	industry	N4	ab59f206-c680-4f1c-9776-e54dc8ef457e
伝える	つたえる	to convey (a message); to tell, to report	N4	44e0a0da-fd92-45a1-832f-ba90aaf9a957
お金持ち	かねもち; おかねもち	rich person	N4	d8e69039-e69e-4255-8417-aeab83e25730
説明	せつめい	explanation	N4	c035f8e8-0d19-4793-8e05-b8052e843a54
島	しま	island	N4	635eac0d-ecbb-4323-acc9-1d704a8f9502
道具	どうぐ	tool	N4	01152ca8-6a5c-4b11-a15e-ec6a3ff60c4a
滑る	すべる	to slide, to slip	N4	7eb8f06c-e0b2-4c01-b08e-5167da098b90
それほど	それほど	to that degree; extent	N4	df24d57f-cb54-40bd-9081-83e44867ae1f
以上	いじょう	more than; this is all	N4	6e4fb0ef-0d30-42aa-845c-17eec889703b
～まま	～まま	as it is	N4	32456393-2d4f-41ae-8a5c-cd97d7c42476
特急	とっきゅう	limited express (train faster than an express)	N4	c6892127-a1cb-4a74-893e-8a1ecb4a2669
プレゼント	プレゼント	present, gift	N4	73f5f8d7-7dbb-4ddf-b0ad-30fcee659c40
～(に) よると	～(に) よると	according to ~	N4	a89835c1-8f75-4fde-90c1-751f0affb9d6
妻	つま	wife (humble)	N4	9dac63d3-d8aa-4133-9749-37d84a7d533b
帰り	かえり	return, coming back	N4	9b2df11b-eb11-40be-9f21-7a181e4585c9
具合	ぐあい	condition, state, health	N4	bedc59df-9d80-4ccf-92dc-cc8cc62250a6
堅; 硬; 固い	かたい	solid, hard, firm	N4	1748bd71-df79-427f-9f5f-c3f1797cf688
駐車場	ちゅうしゃじょう	parking lot	N4	e9ca488b-1cc2-4c52-914f-417d6fc352f4
スーツ	スーツ	suit	N4	5b7f16a4-dab3-4d71-90c9-790b5691cfc7
危険	きけん	danger, risk, hazard	N4	96d2d199-c9a7-40a2-8d15-6693949c3691
髪	かみ	hair	N4	ee68b4fb-11d7-43a9-a8bd-a126bffb9fac
天気予報	てんきよほう	weather forecast	N4	f04a4c4d-d9b1-43a0-8b21-885b13e54068
彼女	かのじょ	girlfriend; she	N4	4cc5a198-6ec4-4e47-a38f-e3bf0d85c374
間	あいだ	space, interval	N4	78cb0de3-36cd-4674-b308-9f37a0a6d649
卒業	そつぎょう	graduation	N4	a7ab42af-8bb9-4566-8651-2ebfef53e72c
それで	それで	and (conj.), thereupon, because of that	N4	c80e9186-e9f6-47fb-820f-1c04a91125df
枝	えだ	branch, twig	N4	c016c5f8-810c-4332-9ec6-633817330942
専門	せんもん	major; speciality	N4	bd574694-870b-48d2-8ec8-91cee7a8cbb3
そろそろ	そろそろ	gradually, soon	N4	f615c252-0d88-4eca-8a9a-4104a30c7ba9
送る	おくる	to send, to dispatch	N4	a679d08e-fce2-4bae-8224-293f2ba82adb
あげる	あげる	to give	N4	e8e3ba19-1c51-4e56-8264-9604a77cfb89
騒ぐ	さわぐ	to make noise, to clamor	N4	8a7bfb74-2ae8-48a6-81e5-584de2986234
尋ねる	たずねる	to inquire (same as 質問する)	N4	916d70a4-12f3-4b4a-9ff5-b5397bb21a49
放送	ほうそうする	broadcasting	N4	081c2cec-555d-4671-8a28-4e460fd71254
政治	せいじ	politics	N4	8298dd82-b866-4b0c-a149-4174cdfc8b20
市民	しみん	citizen	N4	9af74caa-5209-4f01-a0d7-82b7496fb422
ファックス	ファックス	fax	N4	0c33dcda-1736-407a-93b2-e3dac1902275
負ける	まける	to lose (a game) (v.i.), to be defeated	N4	2c5131ea-8dc8-4af7-b9cf-2eb412a8b235
指輪	ゆびわ	(finger) ring	N4	ae0da9ee-94d4-4c83-8236-1be030f5ff41
田舎	いなか	rural, countryside	N4	d72c9003-0fe7-4606-bb15-39773656eb49
見つける	みつける	to discover, to find (v.t.)	N4	378d045d-2112-4f0e-b389-1486b1997f4f
高校生	こうこうせい	high school student	N4	60323daf-ee72-4f62-a881-9ed1e5f41a9e
講義	こうぎ	a lecture	N4	549c6710-46b6-4134-8d87-634c95566480
そんなに	そんなに	so much, like that	N4	ecb91891-cceb-48af-8bc3-4f6062c046d4
昼休み	ひるやすみ	lunch break, noon recess	N4	d353e2f2-cf42-422f-b5bb-fbf567629c61
忘れ物	わすれもの	lost article, something forgotten	N4	d23bf6df-7862-4ebd-9c5a-27d1d69ec218
下りる	おりる	to get down, to go; come down	N4	8049d5e7-1e0d-4316-ac01-195118a0e43e
腕	うで	arm (in reference to body)	N4	a982c022-3753-4049-91b4-ee56d36a0ea5
訳	わけ	reason; explanation	N4	66c2e8ad-ab7d-4a0c-a1c2-1c3c6f2d2aa8
承知	しょうちする	consent, acceptance	N4	09ccb16e-9d49-435a-9347-5a68fd13c907
日記	にっき	diary, journal	N4	290b4e63-889b-48f7-abd9-2a3f794b67c1
高校; 高等学校	こうこう; こうとうがっこう	high school; senior high school	N4	9c93625b-9ea8-4e95-9626-d42a203bc602
似る	にる	to resemble, to be similar	N4	a685eb97-b192-4759-94d0-aca0dff4b82a
～おわる	～おわる	to finish doing ~	N4	8d22ec3c-edca-423b-aced-50031d5200c2
暖房	だんぼう	heating	N4	57302beb-24ff-45e1-acb8-5e67d8fba3a5
留守	るす	absence; not at home	N4	bb62dbfc-104c-444b-9772-26fa49053afe
割合	わりあい	rate, ratio, percentage	N4	44f2032d-7e83-4910-9784-464c9554c6d0
寺	てら	Buddhist temple	N4	7d60f936-9c1d-42d3-a663-c07f93eb1e00
慣れる	なれる	to grow accustomed to	N4	76425425-bcc0-458a-a323-e657bc5c4e3e
普通	ふつう	common; usual	N4	83243af3-2fe9-487a-98e3-30cf9997aaac
手伝う	てつだう	to help	N4	61aff93f-35ae-400e-af0d-0b86dd3fcbf4
なるほど	なるほど	I see; I now understand	N4	a129a626-f115-45f0-84fd-09858f100bd2
くださる	くださる	(hon.) to give, to confer	N4	38134ca5-b50f-4bc5-b0e7-f10aca74576b
息子	むすこ	(humble) son	N4	9f793dcf-226e-4c85-a310-2d2c51619ea8
お子さん	おこさん	(someone else's) child (polite)	N4	3a1f7906-3013-435f-862a-1ae9852ce880
会場	かいじょう	venue, meeting place	N4	652291da-7abf-460a-933d-839401d525a2
笑う	わらう	to laugh, to smile	N4	fc31c3e2-2eb4-44f6-aa09-c2038a7c12bd
運ぶ	はこぶ	to transport, to carry	N4	d21b7309-c3ed-4eb3-b3ae-716893fe9f74
文学	ぶんがく	literature	N4	1ebb57ba-6806-4c7f-8690-9485b15cd469
光	ひかり	light	N4	e9b94636-2dee-4811-b6a4-c15d8eb7ae15
お見舞い	おみまい	calling on someone who is ill, visit	N4	b32d0d31-9e42-46c7-a6eb-01a9b5741b55
席	せき	a seat	N4	0f8fec26-5b4b-4bec-ad16-fb8ee681bf50
～様	～さま	Mr., Mrs., Ms.	N4	0c2ab764-f62e-4e1c-8bce-6cc3452d13fe
ご存じ	ごぞんじ	knowing, acquaintance	N4	7ff971de-20d4-4d23-bac7-7baf0279a9c7
下る	さがる	to descend, to drop, to fall	N4	2c799d04-dfd4-4704-8114-bf9bf3709cbb
字	じ	letter; character	N4	fae26aac-2a08-4164-a976-15a2abec4942
アジア	アジア	Asia	N4	b4f5c0cb-ceef-45f9-ab58-f11eaaa433b1
褒める	ほめる	to praise; to say nice things	N4	32bf8e57-4266-4f6f-8835-f279d8397dde
空く	すく	to be empty (in reference to people), to be less crowded	N4	596998c1-2e42-49f8-95e2-b1d72c736b4b
あ	あ	Ah	N4	154730e4-e1f9-4698-9a05-2e7a94ca8930
最も	もっとも	most	N4	f8667cf6-1548-48ad-abdb-069103b31103
合う	あう	to fit, to match	N4	a2c7128e-69b9-4606-b57d-b8d1d7c6f719
～代	～だい	~ age; period	N4	0aabcdb3-b4ee-402a-a38e-33216fca0265
最後	さいご	last, end	N4	1e55f7f5-36fb-4c77-b068-d9693d76094f
値段	ねだん	price	N4	2499b1f0-1ad1-449f-808c-38e561ea2ccd
退院	たいいんする	leaving hospital	N4	939460cd-48f8-4826-b74a-ca24edef67a6
展覧会	てんらんかい	exhibition	N4	96645f0a-7601-4d53-b885-f78f97624eaa
久しぶり	ひさしぶり	it has been a long time; for the first time in a long time	N4	5977e529-43ed-49c7-ba10-dfc0a501d2be
カーテン	カーテン	curtain	N4	b8de7ea5-14c3-4a90-bf88-c725dd8295b3
汽車	きしゃ	train (steam)	N4	2ddc9bc5-8e1f-4355-a0db-e72da0c56f81
遅れる	おくれる	to (be) become late	N4	a43f3273-e27b-475e-8eb7-a504148518fc
見つかる	みつかる	to be found (v.i.), to be discovered	N4	9f0ed953-78ef-4910-ac5d-37ee2656882c
召し上がる	めしあがる	-- honorific form of 食べる (たべる) and 飲む (のむ) --	N4	b4cfc702-80be-40fc-87ee-d6a3e1c49ce2
太る	ふとる	to gain weight	N4	9d57659c-9a5a-4d26-b26e-2e865128d671
注射	ちゅうしゃ	injection	N4	45deb9e9-c151-46b9-9e04-4062c8f00d71
様	よう	way, manner, kind	N4	8f8e8ce6-b527-4a7c-bcad-202fd3be2dc5
～おき	～おき	after every ~	N4	6d9206b0-68f9-4960-b682-25eb325ffe60
最初	さいしょ	beginning, first	N4	6f81ecd2-212d-45b4-ad4a-b39906a5f9c8
御～	ご～	honorable ~	N4	3a384b42-7203-4a53-9ea3-df28beb1fa46
安心	あんしん	peace of mind, relief	N4	5c455fab-ea4a-444b-ba8a-652e6116b270
直る	なおる	to be fixed	N4	3ca7fc07-a33a-4d56-b0f7-f5252b407644
集める	あつめる	to collect, to gather (v.t.), to assemble	N4	5840653e-f1cd-4b00-8083-527ba641717a
直す	なおす	to correct (v.t.); to fix	N4	e276fe7f-d881-417e-a488-8aedbb83f683
続く	つづく	to be continued	N4	f735b7d8-c15f-4738-a567-ec622c996aa3
先輩	せんぱい	senior members of a group	N4	0cd03e4b-2a41-4810-8406-aa722884178e
約束	やくそく	arrangement, appointment, promise	N4	f21dd816-6d46-4625-86cb-d85c7455779c
世話	せわする	looking after; to look after	N4	31129b13-33c3-481f-8c93-c2ee0e366bd6
近所	きんじょ	neighborhood	N4	7e22523e-07e6-464d-be2d-35d6bc4926b8
将来	しょうらい	(in the) future; prospects	N4	500eb80a-8160-4ae8-94a4-ca48567ab636
億	おく	hundred million	N4	7e25072b-a941-46ca-bd48-664eeafe3415
数学	すうがく	mathematics	N4	e0d36e23-40af-4b0d-bceb-9d2e0542433f
文化	ぶんか	culture	N4	3fddcd00-4fbf-4c46-920d-04ce36ecc96e
払う	はらう	to pay	N4	d4541fb5-9e1a-43bf-bed9-163a23b91a33
習慣	しゅうかん	custom (in reference to culture)	N4	fafb3719-4da1-4c28-a137-6db7e9ce7d5d
焼ける	やける	to burn, to be roasted	N4	1962a8ed-b15c-40ff-b71c-ad6bfefb322c
君	きみ	you (informal for men)	N4	e197fb43-4a11-4043-a16f-6c3e3353721f
冷える	ひえる	to grow cold, to cool down	N4	c2f7a869-e995-4e7e-97cd-81a4e0154d2c
点く	つく	to be started, to be switched on	N4	499bbff2-2cf5-4561-95b5-6e15e3fc229b
この間	このあいだ	the other day, recently	N4	3df87599-c659-4066-bae7-b26c5f03bdd9
格好	かっこう	appearance, manner, shape, form, posture	N4	92c818e9-fad5-4409-84b8-7b4569c25646
かまう		to mind, to care about, to be concerned about	N4	0481ec19-646d-4d49-9b64-7c5588fdb539
続ける	つづける	to continue, to keep up	N4	474f2867-c1c6-4192-87f7-944e8b6af8d6
落す	おとす	to drop, to lose	N4	f1758997-048e-421f-abf5-c8d32dafe931
明日	あす	tomorrow	N4	14829a41-4662-4650-85b3-07f55828b884
出発	しゅっぱつする	departure	N4	2690c71b-f20a-4be4-be3a-3715401ed6ea
拝見	はいけんする	(humble) (polite) seeing, look at	N4	e12d7630-4923-4c0f-890c-fb33facf1754
割れる	われる	to break	N4	eecfb67b-9c46-43ad-89f8-5b23f427e4f5
背中	せなか	back (of body)	N4	cde80841-f5c1-4a7e-a25b-1a220353286d
新聞社	しんぶんしゃ	newspaper company	N4	6fa53745-fe7b-44bd-a477-28eece75b100
いじめる	いじめる	to bully, to torment	N4	e52b2ff6-c814-4bb9-8c3c-78c374e3f723
回る、回す	まわる、まわす	to go around, to revolve	N4	c128a737-9495-449f-b1de-8e47f0ab49b1
～君	～くん	Mr. (junior) ~, master ~	N4	e7c43771-2236-48cf-a0bc-7ac7ae5052ae
おっしゃる	おっしゃる	-- honorific expression for いう --	N4	76cc1e3f-bca3-42e6-a1ca-873baacd58e8
眠い	ねむい	sleepy, drowsy	N4	65e4da5d-a2e8-4db2-9d51-303da1dfc96e
濡れる	ぬれる	to get wet	N4	c47af9c5-cafb-47fb-9260-f8e5b80637c1
倒れる	たおれる	to collapse, to break down	N4	88c80d08-2957-4f47-ab34-cd49133f3bf9
スーパー (マーケット)	スーパー (マーケット)	supermarket	N4	087bcd0a-73a7-4c99-9048-46376875d7b8
アクセサリー	アクセサリー	accessory	N4	2aa2d3e4-8457-4b0f-b52a-5bd4d34bec28
考える	かんがえる	to think (about); to consider	N4	67675f88-66c3-4ea3-9096-714495efa63a
向かう	むかう	to face, to go towards	N4	4a257cd0-f47c-45bf-9ae0-a08dcd6d7972
自由	じゆう	freedom	N4	3c8ec920-8e6e-44cc-a182-b533b33d564e
仕方	しかた	way (of doing something)	N4	0e3bcb25-63a3-4c3e-985c-e4a5b063afa1
首	くび	neck	N4	55b8568d-7f42-4af1-ac07-8077c0765c2b
程	ほど	degree, extent	N4	b6ea8f85-a215-4bc7-bfbb-945f2c7a8f24
代わり	かわり	substitute, replacement	N4	35fdcc96-8779-4581-a162-f1e744a23559
失敗	しっぱい	failure, mistake	N4	6f9b0bc5-92bd-49b1-a420-b4d5a4be28e7
工業	こうぎょう	(manufacturing) industry	N4	b0ab2262-e02b-4a73-ae96-691af97811b9
移る	うつる	to move (from a house); to transfer (from a department); to shift	N4	606f8704-2a47-44d5-b1cf-823147ece049
スーツケース	スーツケース	suitcase	N4	ae8fdc95-6659-4b9d-90aa-8729a572ebe4
ひげ	ひげ	beard	N4	f94ec13d-0385-4f6e-823f-c25e0113e8e8
研究室	けんきゅうしつ	the professor's office; laboratory	N4	bc8fbd60-2458-4b1d-a9e9-7ca96d89a39e
工場	こうじょう	factory	N4	04b4aee8-53e8-40fc-99ef-6524138b883f
紹介	しょうかい	an introduction	N4	e1c844db-e0fa-44e6-b771-d1e8a5d9c612
けれど; けれども	けれど; けれども	but, although	N4	e7d264ce-4606-464a-ac56-38b23bae0e4a
舟	ふね	ship, boat	N4	3fa983b6-68a5-432d-afba-6b41ce1a843b
動く	うごく	to move	N4	9b2792bf-c874-4941-83ba-824ad7fe338b
～(に) ついて	～(に) ついて	about, concerning	N4	2e45c5e1-5b41-49c2-ae97-b1e5fe45d673
コンサート	コンサート	concert	N4	8137d991-6193-49c5-83f9-40a90e81bc0e
虫	むし	insect	N4	02e74d28-17ba-4d28-a535-04ba134f4e39
優しい	やさしい	kind (person), gentle (person), easy (problem)	N4	50d3c06a-11da-446b-b861-bef26d0f2bf0
コンピュータ; コンピューター	コンピュータ; コンピューター	computer	N4	056a8e86-80df-4965-8d60-b5290882bbc3
植える	うえる	to plant	N4	77e857f5-82a2-46f7-9b97-59f113b9e397
両方	りょうほう	both sides, both parties	N4	ea4e4841-e9fe-4acd-887e-74bfcb59ecfb
汚れる	よごれる	to become dirty	N4	c13db2c5-2b95-4444-9e89-9be22b59a5b5
水泳	すいえい	swimming	N4	f15c79d8-8739-4f21-9654-35df3e344cdc
経験	けいけんする	experience	N4	7ab66a77-6938-4af2-badd-d70858cc0e23
勝つ	かつ	to win	N4	a8b57da2-8f7b-4e03-bf2c-bd4c628c47e2
砂	すな	sand	N4	bd59609e-7f8e-41ff-982a-29c85e4f4bdc
警察	けいさつ	police; police station	N4	161a462b-cd82-4c8d-97fe-f764b99f52ed
取り替える	とりかえる	to exchange, to replace	N4	b7830989-ef8d-42bd-9ce9-304c27b9cf1c
急ぐ	いそぐ	to hurry, to be in a hurry, to rush	N4	42d1ef3a-a14a-4730-951a-8b64bb16b272
簡単	かんたん	simple	N4	7b71cf16-20b2-4bb5-96a3-e8251e1504ba
参る	まいる	humble expression for 行く and 来る	N4	519082f2-bbfe-4a90-91f8-5201aa99a2d4
全然	ぜんぜん	not at all; wholly, entirely	N4	0ed27802-99ed-4b7d-adf6-15191c827206
特別	とくべつ	special	N4	1aeeea10-7ec1-4161-8cc2-080e171a4ded
復習	ふくしゅう	review (of lessons), revision	N4	c57e6c6a-66e0-49bc-9747-9f61fbbdc1cc
間に合う	まにあう	to be in time for	N4	df91e2c5-3ca9-4356-a241-5e27944bab9e
役に立つ	やくにたつ	to be helpful, to be useful	N4	e8a16290-2968-47bf-a621-fa3a1796cf1c
もうすぐ	もうすぐ	very soon; in a few moments; days	N4	81233bc9-2eae-40ef-a64a-2f77681e24e1
真中	まんなか	middle, center	N4	429ac65f-e4ee-4b4f-a6f9-272c52d8f634
戻る	もどる	to return (v.i.); to come back	N4	bd1583c0-2f93-4415-9ca2-84e6d66e47e4
研究	けんきゅう	study, research, investigation	N4	4755b2c9-4f50-46e5-842a-5426b922731c
ケーキ	ケーキ	cake	N4	afe846d5-51ae-44c9-ad34-5e99c01b186f
草	くさ	grass	N4	b47428aa-7e65-4c1f-bc6c-007f608a41f7
込む	こむ	to be crowded	N4	2f6984c7-af9c-4f7b-a292-1662b010eb7e
この頃	このごろ	these days, nowadays	N4	5fa33734-4892-466f-af4d-11e3090d5b18
訪ねる	たずねる	to visit	N4	b81510e2-5d59-4ff7-be47-3fa728441ca0
下げる	さげる	to lower (v.t.); to hang	N4	236766c5-da50-4342-9b0a-3dddd88532d9
花見	はなみ	cherry-blossom viewing	N4	04ac40d8-d5e0-40f4-bea9-05136b996e21
途中	とちゅう	on the way, midway	N4	f8324b5a-3df7-441e-982c-1cc05884a4ec
入院	にゅういんする	hospitalization	N4	972409db-43e4-4a24-9464-ec910ba95266
乗り換える	のりかえる	to transfer (trains), to change (bus, train, etc.)	N4	368df1b6-938e-4ca3-8896-64e594a3eee4
別れる	わかれる	to part from, to separate	N4	35391c5d-4407-4ed1-995b-c2c74ce01099
～町	～ちょう	the town of ~	N4	8a68810e-ce32-4096-b7fc-9c3c2b37a857
安全	あんぜん	safety, security	N4	5196d196-f770-4ea8-85e5-45fe6eea7895
看護婦	かんごふ	(female) nurse	N4	f7b88935-5e61-430f-8cbf-b43e04554c48
見物	けんぶつ	sightseeing	N4	1003e29e-c518-425c-a8ce-3ac18d86da9b
相談	そうだんする	consultation	N4	98c29824-a703-4ccd-ae48-d91be0dace57
ガソリンスタンド	ガソリンスタンド	gas station, service station	N4	f01a2e95-99a6-4c5e-9701-cdd426fb9b18
テニス	テニス	tennis	N4	b2a192d0-7ab7-4250-bfd3-84bf3852e7bf
眠る	ねむる	to sleep	N4	14c0534d-887c-4be2-958b-9bdd04864a75
上がる	あがる	to rise, to go up	N4	278a0bfb-940d-4958-b1f7-f388a3e3b72b
翻訳	ほんやく	translation	N4	a5fdbb33-b3b5-4d5a-9c94-00cb0c33ddd7
食事	しょくじする	meal	N4	08990acc-3ffa-40f4-81d6-1cc9689b10fe
お陰	おかげ	thanks or owing to	N4	3a7b359e-46de-4e2a-9a36-e936490ed14b
娘	むすめ	daughter (humble)	N4	af422dd0-b2b3-4bd2-bf06-734e9cb8418b
湯	ゆ	hot water	N4	f3679139-ab65-43ce-a303-a188e01c7969
競争	きょうそう	competition, contest	N4	1105732c-1f02-4bea-b81e-5d2110366e24
会議	かいぎ	business meeting; conference	N4	df0d966b-68a4-49ba-96ff-fc3c3dd142bc
湖	みずうみ	lake	N4	07d4460f-2495-43ea-9af1-9b88e478a1d2
集まる	あつまる	to gather (v.i.), to collect	N4	d60cbd10-332c-48d4-9054-c45c9c12e04d
～にくい	～にくい	difficult to do ~	N4	d2378d2e-b8d0-4684-a4a0-2b11998e0a94
生活	せいかつする	living, life; to live	N4	02cc8911-97a6-44c4-9a7b-fa5813898f1f
糸	いと	thread	N4	35961fe1-b19a-4233-8bec-883a5bcb2758
関係	かんけい	relation(ship), connection	N4	27da8096-9277-4c5f-a637-94a048b16cdd
ピアノ	ピアノ	piano	N4	d992314d-239e-4a0a-94dd-a4e62646bce4
～目	～め	number ~ sequence, ~nd; ~th	N4	f5994baa-5079-4ff7-be29-662e5adab6dd
番組	ばんぐみ	broadcast program	N4	28dbb21c-13bc-4a43-812d-fcbc9ceaeff4
急	きゅう	urgent, sudden; steep	N4	71fdbe76-c7de-4d94-89a9-a9017f24bf4b
棚	たな	shelves, rack	N4	bdbf60ba-b504-424e-8f55-1dadf2e3973d
木綿	もめん	cotton	N4	d1861975-4973-4ece-8e1a-16d15ca8cb2a
輸出	ゆしゅつする	export	N4	bf7379fc-ea7a-46c2-a6c8-07e9df7c31ec
タイプ	タイプ	type, style	N4	b32ac04e-4893-44ee-9692-574e97b41733
すり	すり	pickpocket	N4	8160e566-8ff9-4f17-85e0-13f7be64e2da
嬉しい	うれしい	to be happy; to be glad	N4	2daee3fc-5ab1-42df-bd67-2254ea09b9ff
アルコール	アルコール	alcohol	N4	47649dbb-5c9e-4d54-be60-d4c08b5dbb3d
ソフト	ソフト	soft; soft hat; software	N4	03827a7e-5867-4ecc-92f8-db480b48af33
神社	じんじゃ	Shinto shrine	N4	65010616-acc4-4e1c-ad1a-21dbff132d55
大分	だいぶ	fairly well, to a large extent, considerably, pretty much	N4	7ada615b-a58c-492e-a526-d50105b2ffc4
楽しみ	たのしみ	pleasure, joy	N4	7d20b5aa-8b69-4d2f-a0f9-c2ae02cb6993
趣味	しゅみ	hobby; pastime	N4	aa9092c7-c261-4a2c-b3d0-95a746e706d6
電報	でんぽう	telegram	N4	7cca013c-3ad3-4713-99ab-f056da5790ff
家内	かない	(one's own) wife	N4	545442e1-b28e-418d-95fc-c190fcaa6015
指	ゆび	finger	N4	03559408-88ef-4f29-a01c-7011523cf4d3
これから	これから	from now on, after this	N4	f7dedef5-1809-454c-8475-9b8b40cb3f8c
たまに	たまに	occasionally	N4	84c80da6-c792-4e22-93c5-ae19e2dc53ba
社会	しゃかい	society	N4	efff26d3-c7f9-49e6-aaa9-54b26fd745c8